datetime,C/A,Unit,SCP,Station,Line Name,Division,Description,Entries,Exits,EntVal,ExtVal,Valid
12/23/2017 3:00,N343,R019,00-00-06,JAMAICA 179 ST,F,IND,REGULAR,57955,28852,0,0,1
12/23/2017 7:00,N343,R019,00-00-06,JAMAICA 179 ST,F,IND,REGULAR,57971,28857,16,5,1
12/23/2017 11:00,N343,R019,00-00-06,JAMAICA 179 ST,F,IND,REGULAR,58015,28873,44,16,1
12/23/2017 15:00,N343,R019,00-00-06,JAMAICA 179 ST,F,IND,REGULAR,58043,28899,28,26,1
12/23/2017 19:00,N343,R019,00-00-06,JAMAICA 179 ST,F,IND,REGULAR,58078,28931,35,32,1
12/23/2017 23:00,N343,R019,00-00-06,JAMAICA 179 ST,F,IND,REGULAR,58088,28960,10,29,1
12/24/2017 3:00,N343,R019,00-00-06,JAMAICA 179 ST,F,IND,REGULAR,58091,28969,3,9,1
12/24/2017 7:00,N343,R019,00-00-06,JAMAICA 179 ST,F,IND,REGULAR,58100,28971,9,2,1
12/24/2017 11:00,N343,R019,00-00-06,JAMAICA 179 ST,F,IND,REGULAR,58130,28986,30,15,1
12/24/2017 15:00,N343,R019,00-00-06,JAMAICA 179 ST,F,IND,REGULAR,58178,29001,48,15,1
12/24/2017 19:00,N343,R019,00-00-06,JAMAICA 179 ST,F,IND,REGULAR,58204,29034,26,33,1
12/24/2017 23:00,N343,R019,00-00-06,JAMAICA 179 ST,F,IND,REGULAR,58225,29056,21,22,1
12/25/2017 3:00,N343,R019,00-00-06,JAMAICA 179 ST,F,IND,REGULAR,58230,29060,5,4,1
12/25/2017 7:00,N343,R019,00-00-06,JAMAICA 179 ST,F,IND,REGULAR,58240,29062,10,2,1
12/25/2017 11:00,N343,R019,00-00-06,JAMAICA 179 ST,F,IND,REGULAR,58257,29074,17,12,1
12/25/2017 15:00,N343,R019,00-00-06,JAMAICA 179 ST,F,IND,REGULAR,58285,29090,28,16,1
12/25/2017 19:00,N343,R019,00-00-06,JAMAICA 179 ST,F,IND,REGULAR,58310,29113,25,23,1
12/25/2017 23:00,N343,R019,00-00-06,JAMAICA 179 ST,F,IND,REGULAR,58325,29131,15,18,1
12/26/2017 3:00,N343,R019,00-00-06,JAMAICA 179 ST,F,IND,REGULAR,58329,29136,4,5,1
12/26/2017 7:00,N343,R019,00-00-06,JAMAICA 179 ST,F,IND,REGULAR,58428,29147,99,11,1
12/26/2017 11:00,N343,R019,00-00-06,JAMAICA 179 ST,F,IND,REGULAR,58590,29173,162,26,1
12/26/2017 15:00,N343,R019,00-00-06,JAMAICA 179 ST,F,IND,REGULAR,58665,29205,75,32,1
12/26/2017 19:00,N343,R019,00-00-06,JAMAICA 179 ST,F,IND,REGULAR,58788,29288,123,83,1
12/26/2017 23:00,N343,R019,00-00-06,JAMAICA 179 ST,F,IND,REGULAR,58809,29340,21,52,1
12/27/2017 3:00,N343,R019,00-00-06,JAMAICA 179 ST,F,IND,REGULAR,58813,29353,4,13,1
12/27/2017 7:00,N343,R019,00-00-06,JAMAICA 179 ST,F,IND,REGULAR,59034,29361,221,8,1
12/27/2017 7:54,N343,R019,00-00-06,JAMAICA 179 ST,F,IND,REGULAR,59167,29363,133,2,1
12/27/2017 8:22,N343,R019,00-00-06,JAMAICA 179 ST,F,IND,REGULAR,59230,29365,63,2,1
12/27/2017 11:00,N343,R019,00-00-06,JAMAICA 179 ST,F,IND,REGULAR,59367,29376,137,11,1
12/27/2017 15:00,N343,R019,00-00-06,JAMAICA 179 ST,F,IND,REGULAR,59479,29420,112,44,1
12/27/2017 19:00,N343,R019,00-00-06,JAMAICA 179 ST,F,IND,REGULAR,59559,29522,80,102,1
12/27/2017 23:00,N343,R019,00-00-06,JAMAICA 179 ST,F,IND,REGULAR,59578,29587,19,65,1
12/28/2017 3:00,N343,R019,00-00-06,JAMAICA 179 ST,F,IND,REGULAR,59584,29599,6,12,1
12/28/2017 7:00,N343,R019,00-00-06,JAMAICA 179 ST,F,IND,REGULAR,59677,29610,93,11,1
12/28/2017 11:00,N343,R019,00-00-06,JAMAICA 179 ST,F,IND,REGULAR,59893,29637,216,27,1
12/28/2017 15:00,N343,R019,00-00-06,JAMAICA 179 ST,F,IND,REGULAR,59972,29684,79,47,1
12/28/2017 19:00,N343,R019,00-00-06,JAMAICA 179 ST,F,IND,REGULAR,60044,29814,72,130,1
12/28/2017 23:00,N343,R019,00-00-06,JAMAICA 179 ST,F,IND,REGULAR,60070,29864,26,50,1
12/29/2017 3:00,N343,R019,00-00-06,JAMAICA 179 ST,F,IND,REGULAR,60075,29878,5,14,1
12/29/2017 7:00,N343,R019,00-00-06,JAMAICA 179 ST,F,IND,REGULAR,60243,29885,168,7,1
12/29/2017 11:00,N343,R019,00-00-06,JAMAICA 179 ST,F,IND,REGULAR,60606,29906,363,21,1
12/29/2017 15:00,N343,R019,00-00-06,JAMAICA 179 ST,F,IND,REGULAR,60702,29960,96,54,1
12/29/2017 19:00,N343,R019,00-00-06,JAMAICA 179 ST,F,IND,REGULAR,60783,30051,81,91,1
12/29/2017 23:00,N343,R019,00-00-06,JAMAICA 179 ST,F,IND,REGULAR,60816,30102,33,51,1
12/30/2017 3:00,N343,R019,00-00-06,JAMAICA 179 ST,F,IND,REGULAR,60816,30117,0,15,1
12/30/2017 7:00,N343,R019,00-00-06,JAMAICA 179 ST,F,IND,REGULAR,60837,30124,21,7,1
12/30/2017 11:00,N343,R019,00-00-06,JAMAICA 179 ST,F,IND,REGULAR,60893,30141,56,17,1
12/30/2017 15:00,N343,R019,00-00-06,JAMAICA 179 ST,F,IND,REGULAR,60952,30154,59,13,1
12/30/2017 19:00,N343,R019,00-00-06,JAMAICA 179 ST,F,IND,REGULAR,61000,30194,48,40,1
12/30/2017 23:00,N343,R019,00-00-06,JAMAICA 179 ST,F,IND,REGULAR,61018,30224,18,30,1
12/31/2017 3:00,N343,R019,00-00-06,JAMAICA 179 ST,F,IND,REGULAR,61023,30233,5,9,1
12/31/2017 7:00,N343,R019,00-00-06,JAMAICA 179 ST,F,IND,REGULAR,61035,30237,12,4,1
12/31/2017 11:00,N343,R019,00-00-06,JAMAICA 179 ST,F,IND,REGULAR,61059,30246,24,9,1
12/31/2017 15:00,N343,R019,00-00-06,JAMAICA 179 ST,F,IND,REGULAR,61095,30276,36,30,1
12/31/2017 19:00,N343,R019,00-00-06,JAMAICA 179 ST,F,IND,REGULAR,61120,30311,25,35,1
12/31/2017 23:00,N343,R019,00-00-06,JAMAICA 179 ST,F,IND,REGULAR,61138,30340,18,29,1
1/1/2018 3:00,N343,R019,00-00-06,JAMAICA 179 ST,F,IND,REGULAR,61147,30350,9,10,1
1/1/2018 7:00,N343,R019,00-00-06,JAMAICA 179 ST,F,IND,REGULAR,61155,30357,8,7,1
1/1/2018 11:00,N343,R019,00-00-06,JAMAICA 179 ST,F,IND,REGULAR,61175,30365,20,8,1
1/1/2018 15:00,N343,R019,00-00-06,JAMAICA 179 ST,F,IND,REGULAR,61209,30379,34,14,1
1/1/2018 19:00,N343,R019,00-00-06,JAMAICA 179 ST,F,IND,REGULAR,61239,30396,30,17,1
1/1/2018 23:00,N343,R019,00-00-06,JAMAICA 179 ST,F,IND,REGULAR,61258,30410,19,14,1
1/2/2018 3:00,N343,R019,00-00-06,JAMAICA 179 ST,F,IND,REGULAR,61260,30416,2,6,1
1/2/2018 7:00,N343,R019,00-00-06,JAMAICA 179 ST,F,IND,REGULAR,61385,30430,125,14,1
1/2/2018 11:00,N343,R019,00-00-06,JAMAICA 179 ST,F,IND,REGULAR,61699,30451,314,21,1
1/2/2018 15:00,N343,R019,00-00-06,JAMAICA 179 ST,F,IND,REGULAR,61760,30479,61,28,1
1/2/2018 19:00,N343,R019,00-00-06,JAMAICA 179 ST,F,IND,REGULAR,61809,30604,49,125,1
1/2/2018 23:00,N343,R019,00-00-06,JAMAICA 179 ST,F,IND,REGULAR,61826,30663,17,59,1
1/3/2018 3:00,N343,R019,00-00-06,JAMAICA 179 ST,F,IND,REGULAR,61830,30678,4,15,1
1/3/2018 7:00,N343,R019,00-00-06,JAMAICA 179 ST,F,IND,REGULAR,61993,30685,163,7,1
1/3/2018 11:00,N343,R019,00-00-06,JAMAICA 179 ST,F,IND,REGULAR,62331,30717,338,32,1
1/3/2018 15:00,N343,R019,00-00-06,JAMAICA 179 ST,F,IND,REGULAR,62407,30758,76,41,1
1/3/2018 19:00,N343,R019,00-00-06,JAMAICA 179 ST,F,IND,REGULAR,62468,30862,61,104,1
1/3/2018 23:00,N343,R019,00-00-06,JAMAICA 179 ST,F,IND,REGULAR,62479,30910,11,48,1
1/4/2018 3:00,N343,R019,00-00-06,JAMAICA 179 ST,F,IND,REGULAR,62484,30917,5,7,1
1/4/2018 7:00,N343,R019,00-00-06,JAMAICA 179 ST,F,IND,REGULAR,62559,30925,75,8,1
1/4/2018 11:00,N343,R019,00-00-06,JAMAICA 179 ST,F,IND,REGULAR,62655,30953,96,28,1
1/4/2018 15:00,N343,R019,00-00-06,JAMAICA 179 ST,F,IND,REGULAR,62686,30992,31,39,1
1/4/2018 19:00,N343,R019,00-00-06,JAMAICA 179 ST,F,IND,REGULAR,62707,31035,21,43,1
1/4/2018 23:00,N343,R019,00-00-06,JAMAICA 179 ST,F,IND,REGULAR,62717,31044,10,9,1
1/5/2018 3:00,N343,R019,00-00-06,JAMAICA 179 ST,F,IND,REGULAR,62721,31050,4,6,1
1/5/2018 7:00,N343,R019,00-00-06,JAMAICA 179 ST,F,IND,REGULAR,62806,31054,85,4,1
1/5/2018 11:00,N343,R019,00-00-06,JAMAICA 179 ST,F,IND,REGULAR,63106,31074,300,20,1
1/5/2018 15:00,N343,R019,00-00-06,JAMAICA 179 ST,F,IND,REGULAR,63181,31111,75,37,1
1/5/2018 19:00,N343,R019,00-00-06,JAMAICA 179 ST,F,IND,REGULAR,63297,31196,116,85,1
1/5/2018 23:00,N343,R019,00-00-06,JAMAICA 179 ST,F,IND,REGULAR,63328,31251,31,55,1
1/6/2018 3:00,N343,R019,00-00-06,JAMAICA 179 ST,F,IND,REGULAR,63335,31263,7,12,1
1/6/2018 7:00,N343,R019,00-00-06,JAMAICA 179 ST,F,IND,REGULAR,63394,31277,59,14,1
1/6/2018 11:00,N343,R019,00-00-06,JAMAICA 179 ST,F,IND,REGULAR,63539,31296,145,19,1
1/6/2018 15:00,N343,R019,00-00-06,JAMAICA 179 ST,F,IND,REGULAR,63676,31310,137,14,1
1/6/2018 19:00,N343,R019,00-00-06,JAMAICA 179 ST,F,IND,REGULAR,63824,31347,148,37,1
1/6/2018 23:00,N343,R019,00-00-06,JAMAICA 179 ST,F,IND,REGULAR,63868,31370,44,23,1
1/7/2018 3:00,N343,R019,00-00-06,JAMAICA 179 ST,F,IND,REGULAR,63870,31383,2,13,1
1/7/2018 7:00,N343,R019,00-00-06,JAMAICA 179 ST,F,IND,REGULAR,63881,31385,11,2,1
1/7/2018 11:00,N343,R019,00-00-06,JAMAICA 179 ST,F,IND,REGULAR,63900,31390,19,5,1
1/7/2018 15:00,N343,R019,00-00-06,JAMAICA 179 ST,F,IND,REGULAR,63921,31400,21,10,1
1/7/2018 19:00,N343,R019,00-00-06,JAMAICA 179 ST,F,IND,REGULAR,63938,31414,17,14,1
1/7/2018 23:00,N343,R019,00-00-06,JAMAICA 179 ST,F,IND,REGULAR,63945,31438,7,24,1
1/8/2018 3:00,N343,R019,00-00-06,JAMAICA 179 ST,F,IND,REGULAR,63951,31447,6,9,1
1/8/2018 7:00,N343,R019,00-00-06,JAMAICA 179 ST,F,IND,REGULAR,64092,31454,141,7,1
1/8/2018 11:00,N343,R019,00-00-06,JAMAICA 179 ST,F,IND,REGULAR,64438,31479,346,25,1
1/8/2018 15:00,N343,R019,00-00-06,JAMAICA 179 ST,F,IND,REGULAR,64481,31509,43,30,1
1/8/2018 19:00,N343,R019,00-00-06,JAMAICA 179 ST,F,IND,REGULAR,64523,31631,42,122,1
1/8/2018 23:00,N343,R019,00-00-06,JAMAICA 179 ST,F,IND,REGULAR,64554,31703,31,72,1
1/9/2018 3:00,N343,R019,00-00-06,JAMAICA 179 ST,F,IND,REGULAR,64557,31717,3,14,1
1/9/2018 7:00,N343,R019,00-00-06,JAMAICA 179 ST,F,IND,REGULAR,64894,31723,337,6,1
1/9/2018 11:00,N343,R019,00-00-06,JAMAICA 179 ST,F,IND,REGULAR,65490,31743,596,20,1
1/9/2018 15:00,N343,R019,00-00-06,JAMAICA 179 ST,F,IND,REGULAR,65543,31800,53,57,1
1/9/2018 19:00,N343,R019,00-00-06,JAMAICA 179 ST,F,IND,REGULAR,65616,31909,73,109,1
1/9/2018 23:00,N343,R019,00-00-06,JAMAICA 179 ST,F,IND,REGULAR,65631,31978,15,69,1
1/10/2018 3:00,N343,R019,00-00-06,JAMAICA 179 ST,F,IND,REGULAR,65633,31993,2,15,1
1/10/2018 7:00,N343,R019,00-00-06,JAMAICA 179 ST,F,IND,REGULAR,65802,32000,169,7,1
1/10/2018 11:00,N343,R019,00-00-06,JAMAICA 179 ST,F,IND,REGULAR,66172,32015,370,15,1
1/10/2018 15:00,N343,R019,00-00-06,JAMAICA 179 ST,F,IND,REGULAR,66220,32045,48,30,1
1/10/2018 19:00,N343,R019,00-00-06,JAMAICA 179 ST,F,IND,REGULAR,66277,32143,57,98,1
1/10/2018 23:00,N343,R019,00-00-06,JAMAICA 179 ST,F,IND,REGULAR,66289,32216,12,73,1
1/11/2018 3:00,N343,R019,00-00-06,JAMAICA 179 ST,F,IND,REGULAR,66294,32222,5,6,1
1/11/2018 7:00,N343,R019,00-00-06,JAMAICA 179 ST,F,IND,REGULAR,66431,32228,137,6,1
1/11/2018 11:00,N343,R019,00-00-06,JAMAICA 179 ST,F,IND,REGULAR,66746,32254,315,26,1
1/11/2018 15:00,N343,R019,00-00-06,JAMAICA 179 ST,F,IND,REGULAR,66792,32278,46,24,1
1/11/2018 19:00,N343,R019,00-00-06,JAMAICA 179 ST,F,IND,REGULAR,66842,32399,50,121,1
1/11/2018 23:00,N343,R019,00-00-06,JAMAICA 179 ST,F,IND,REGULAR,66861,32479,19,80,1
1/12/2018 3:00,N343,R019,00-00-06,JAMAICA 179 ST,F,IND,REGULAR,66864,32489,3,10,1
1/12/2018 7:00,N343,R019,00-00-06,JAMAICA 179 ST,F,IND,REGULAR,67005,32498,141,9,1
1/12/2018 11:00,N343,R019,00-00-06,JAMAICA 179 ST,F,IND,REGULAR,67269,32523,264,25,1
1/12/2018 15:00,N343,R019,00-00-06,JAMAICA 179 ST,F,IND,REGULAR,67319,32557,50,34,1
1/12/2018 19:00,N343,R019,00-00-06,JAMAICA 179 ST,F,IND,REGULAR,67362,32705,43,148,1
1/12/2018 23:00,N343,R019,00-00-06,JAMAICA 179 ST,F,IND,REGULAR,67384,32759,22,54,1
1/13/2018 3:00,N343,R019,00-00-06,JAMAICA 179 ST,F,IND,REGULAR,67387,32777,3,18,1
1/13/2018 7:00,N343,R019,00-00-06,JAMAICA 179 ST,F,IND,REGULAR,67404,32783,17,6,1
1/13/2018 11:00,N343,R019,00-00-06,JAMAICA 179 ST,F,IND,REGULAR,67439,32802,35,19,1
1/13/2018 15:00,N343,R019,00-00-06,JAMAICA 179 ST,F,IND,REGULAR,67498,32810,59,8,1
1/13/2018 19:00,N343,R019,00-00-06,JAMAICA 179 ST,F,IND,REGULAR,67531,32860,33,50,1
1/13/2018 23:00,N343,R019,00-00-06,JAMAICA 179 ST,F,IND,REGULAR,67550,32878,19,18,1
1/14/2018 3:00,N343,R019,00-00-06,JAMAICA 179 ST,F,IND,REGULAR,67552,32892,2,14,1
1/14/2018 7:00,N343,R019,00-00-06,JAMAICA 179 ST,F,IND,REGULAR,67560,32896,8,4,1
1/14/2018 11:00,N343,R019,00-00-06,JAMAICA 179 ST,F,IND,REGULAR,67585,32905,25,9,1
1/14/2018 15:00,N343,R019,00-00-06,JAMAICA 179 ST,F,IND,REGULAR,67613,32918,28,13,1
1/14/2018 19:00,N343,R019,00-00-06,JAMAICA 179 ST,F,IND,REGULAR,67641,32936,28,18,1
1/14/2018 23:00,N343,R019,00-00-06,JAMAICA 179 ST,F,IND,REGULAR,67652,32957,11,21,1
1/15/2018 3:00,N343,R019,00-00-06,JAMAICA 179 ST,F,IND,REGULAR,67655,32970,3,13,1
1/15/2018 7:00,N343,R019,00-00-06,JAMAICA 179 ST,F,IND,REGULAR,67728,32979,73,9,1
1/15/2018 11:00,N343,R019,00-00-06,JAMAICA 179 ST,F,IND,REGULAR,67808,32995,80,16,1
1/15/2018 15:00,N343,R019,00-00-06,JAMAICA 179 ST,F,IND,REGULAR,67846,33024,38,29,1
1/15/2018 19:00,N343,R019,00-00-06,JAMAICA 179 ST,F,IND,REGULAR,67882,33085,36,61,1
1/15/2018 23:00,N343,R019,00-00-06,JAMAICA 179 ST,F,IND,REGULAR,67900,33122,18,37,1
1/16/2018 3:00,N343,R019,00-00-06,JAMAICA 179 ST,F,IND,REGULAR,67901,33131,1,9,1
1/16/2018 6:21,N343,R019,00-00-06,JAMAICA 179 ST,F,IND,REGULAR,67989,33139,88,8,1
1/16/2018 6:22,N343,R019,00-00-06,JAMAICA 179 ST,F,IND,REGULAR,67990,33139,1,0,1
1/16/2018 6:24,N343,R019,00-00-06,JAMAICA 179 ST,F,IND,REGULAR,67990,33139,0,0,1
1/16/2018 6:25,N343,R019,00-00-06,JAMAICA 179 ST,F,IND,REGULAR,67993,33139,3,0,1
1/16/2018 6:26,N343,R019,00-00-06,JAMAICA 179 ST,F,IND,REGULAR,67997,33139,4,0,1
1/16/2018 6:28,N343,R019,00-00-06,JAMAICA 179 ST,F,IND,REGULAR,67998,33139,1,0,1
1/16/2018 6:29,N343,R019,00-00-06,JAMAICA 179 ST,F,IND,REGULAR,68000,33139,2,0,1
1/16/2018 7:00,N343,R019,00-00-06,JAMAICA 179 ST,F,IND,REGULAR,68075,33144,75,5,1
1/16/2018 11:00,N343,R019,00-00-06,JAMAICA 179 ST,F,IND,REGULAR,68424,33168,349,24,1
1/16/2018 15:00,N343,R019,00-00-06,JAMAICA 179 ST,F,IND,REGULAR,68488,33192,64,24,1
1/16/2018 19:00,N343,R019,00-00-06,JAMAICA 179 ST,F,IND,REGULAR,68526,33310,38,118,1
1/16/2018 23:00,N343,R019,00-00-06,JAMAICA 179 ST,F,IND,REGULAR,68542,33383,16,73,1
1/17/2018 3:00,N343,R019,00-00-06,JAMAICA 179 ST,F,IND,REGULAR,68547,33401,5,18,1
1/17/2018 7:00,N343,R019,00-00-06,JAMAICA 179 ST,F,IND,REGULAR,68713,33408,166,7,1
1/17/2018 11:00,N343,R019,00-00-06,JAMAICA 179 ST,F,IND,REGULAR,69023,33426,310,18,1
1/17/2018 15:00,N343,R019,00-00-06,JAMAICA 179 ST,F,IND,REGULAR,69065,33453,42,27,1
1/17/2018 19:00,N343,R019,00-00-06,JAMAICA 179 ST,F,IND,REGULAR,69106,33557,41,104,1
1/17/2018 23:00,N343,R019,00-00-06,JAMAICA 179 ST,F,IND,REGULAR,69120,33613,14,56,1
1/18/2018 3:00,N343,R019,00-00-06,JAMAICA 179 ST,F,IND,REGULAR,69121,33621,1,8,1
1/18/2018 7:00,N343,R019,00-00-06,JAMAICA 179 ST,F,IND,REGULAR,69289,33626,168,5,1
1/18/2018 11:00,N343,R019,00-00-06,JAMAICA 179 ST,F,IND,REGULAR,69672,33659,383,33,1
1/18/2018 15:00,N343,R019,00-00-06,JAMAICA 179 ST,F,IND,REGULAR,69745,33698,73,39,1
1/18/2018 19:00,N343,R019,00-00-06,JAMAICA 179 ST,F,IND,REGULAR,69803,33817,58,119,1
1/18/2018 23:00,N343,R019,00-00-06,JAMAICA 179 ST,F,IND,REGULAR,69812,33893,9,76,1
1/19/2018 3:00,N343,R019,00-00-06,JAMAICA 179 ST,F,IND,REGULAR,69817,33904,5,11,1
1/19/2018 7:00,N343,R019,00-00-06,JAMAICA 179 ST,F,IND,REGULAR,69960,33910,143,6,1
1/19/2018 11:00,N343,R019,00-00-06,JAMAICA 179 ST,F,IND,REGULAR,70276,33928,316,18,1
1/19/2018 15:00,N343,R019,00-00-06,JAMAICA 179 ST,F,IND,REGULAR,70322,33962,46,34,1
1/19/2018 19:00,N343,R019,00-00-06,JAMAICA 179 ST,F,IND,REGULAR,70366,34054,44,92,1
1/19/2018 23:00,N343,R019,00-00-06,JAMAICA 179 ST,F,IND,REGULAR,70381,34114,15,60,1
1/20/2018 3:00,N343,R019,00-00-06,JAMAICA 179 ST,F,IND,REGULAR,70385,34127,4,13,1
1/20/2018 7:00,N343,R019,00-00-06,JAMAICA 179 ST,F,IND,REGULAR,70400,34129,15,2,1
1/20/2018 11:00,N343,R019,00-00-06,JAMAICA 179 ST,F,IND,REGULAR,70448,34144,48,15,1
1/20/2018 15:00,N343,R019,00-00-06,JAMAICA 179 ST,F,IND,REGULAR,70481,34159,33,15,1
1/20/2018 19:00,N343,R019,00-00-06,JAMAICA 179 ST,F,IND,REGULAR,70517,34207,36,48,1
1/20/2018 23:00,N343,R019,00-00-06,JAMAICA 179 ST,F,IND,REGULAR,70527,34226,10,19,1
1/21/2018 3:00,N343,R019,00-00-06,JAMAICA 179 ST,F,IND,REGULAR,70528,34234,1,8,1
1/21/2018 7:00,N343,R019,00-00-06,JAMAICA 179 ST,F,IND,REGULAR,70540,34237,12,3,1
1/21/2018 11:00,N343,R019,00-00-06,JAMAICA 179 ST,F,IND,REGULAR,70570,34246,30,9,1
1/21/2018 15:00,N343,R019,00-00-06,JAMAICA 179 ST,F,IND,REGULAR,70594,34252,24,6,1
1/21/2018 19:00,N343,R019,00-00-06,JAMAICA 179 ST,F,IND,REGULAR,70609,34272,15,20,1
1/21/2018 23:00,N343,R019,00-00-06,JAMAICA 179 ST,F,IND,REGULAR,70624,34297,15,25,1
1/22/2018 3:00,N343,R019,00-00-06,JAMAICA 179 ST,F,IND,REGULAR,70625,34311,1,14,1
1/22/2018 7:00,N343,R019,00-00-06,JAMAICA 179 ST,F,IND,REGULAR,70761,34319,136,8,1
1/22/2018 11:00,N343,R019,00-00-06,JAMAICA 179 ST,F,IND,REGULAR,71042,34347,281,28,1
1/22/2018 15:00,N343,R019,00-00-06,JAMAICA 179 ST,F,IND,REGULAR,71097,34383,55,36,1
1/22/2018 19:00,N343,R019,00-00-06,JAMAICA 179 ST,F,IND,REGULAR,71153,34497,56,114,1
1/22/2018 23:00,N343,R019,00-00-06,JAMAICA 179 ST,F,IND,REGULAR,71164,34548,11,51,1
1/23/2018 3:00,N343,R019,00-00-06,JAMAICA 179 ST,F,IND,REGULAR,71167,34556,3,8,1
1/23/2018 7:00,N343,R019,00-00-06,JAMAICA 179 ST,F,IND,REGULAR,71305,34563,138,7,1
1/23/2018 11:00,N343,R019,00-00-06,JAMAICA 179 ST,F,IND,REGULAR,71599,34580,294,17,1
1/23/2018 15:00,N343,R019,00-00-06,JAMAICA 179 ST,F,IND,REGULAR,71643,34610,44,30,1
1/23/2018 19:00,N343,R019,00-00-06,JAMAICA 179 ST,F,IND,REGULAR,71690,34703,47,93,1
1/23/2018 23:00,N343,R019,00-00-06,JAMAICA 179 ST,F,IND,REGULAR,71704,34767,14,64,1
1/24/2018 3:00,N343,R019,00-00-06,JAMAICA 179 ST,F,IND,REGULAR,71708,34774,4,7,1
1/24/2018 7:00,N343,R019,00-00-06,JAMAICA 179 ST,F,IND,REGULAR,71851,34782,143,8,1
1/24/2018 11:00,N343,R019,00-00-06,JAMAICA 179 ST,F,IND,REGULAR,72146,34800,295,18,1
1/24/2018 15:00,N343,R019,00-00-06,JAMAICA 179 ST,F,IND,REGULAR,72207,34841,61,41,1
1/24/2018 19:00,N343,R019,00-00-06,JAMAICA 179 ST,F,IND,REGULAR,72246,34950,39,109,1
1/24/2018 23:00,N343,R019,00-00-06,JAMAICA 179 ST,F,IND,REGULAR,72262,34998,16,48,1
1/25/2018 3:00,N343,R019,00-00-06,JAMAICA 179 ST,F,IND,REGULAR,72266,35022,4,24,1
1/25/2018 7:00,N343,R019,00-00-06,JAMAICA 179 ST,F,IND,REGULAR,72398,35030,132,8,1
1/25/2018 11:00,N343,R019,00-00-06,JAMAICA 179 ST,F,IND,REGULAR,72688,35045,290,15,1
1/25/2018 15:00,N343,R019,00-00-06,JAMAICA 179 ST,F,IND,REGULAR,72742,35076,54,31,1
1/25/2018 19:00,N343,R019,00-00-06,JAMAICA 179 ST,F,IND,REGULAR,72796,35180,54,104,1
1/25/2018 23:00,N343,R019,00-00-06,JAMAICA 179 ST,F,IND,REGULAR,72817,35236,21,56,1
1/26/2018 3:00,N343,R019,00-00-06,JAMAICA 179 ST,F,IND,REGULAR,72821,35244,4,8,1
1/26/2018 7:00,N343,R019,00-00-06,JAMAICA 179 ST,F,IND,REGULAR,72943,35259,122,15,1
1/26/2018 11:00,N343,R019,00-00-06,JAMAICA 179 ST,F,IND,REGULAR,73179,35287,236,28,1
1/26/2018 15:00,N343,R019,00-00-06,JAMAICA 179 ST,F,IND,REGULAR,73229,35326,50,39,1
1/26/2018 19:00,N343,R019,00-00-06,JAMAICA 179 ST,F,IND,REGULAR,73287,35415,58,89,1
1/26/2018 23:00,N343,R019,00-00-06,JAMAICA 179 ST,F,IND,REGULAR,73303,35480,16,65,1
1/27/2018 3:00,N343,R019,00-00-06,JAMAICA 179 ST,F,IND,REGULAR,73308,35489,5,9,1
1/27/2018 7:00,N343,R019,00-00-06,JAMAICA 179 ST,F,IND,REGULAR,73334,35495,26,6,1
1/27/2018 11:00,N343,R019,00-00-06,JAMAICA 179 ST,F,IND,REGULAR,73384,35507,50,12,1
1/27/2018 15:00,N343,R019,00-00-06,JAMAICA 179 ST,F,IND,REGULAR,73422,35528,38,21,1
1/27/2018 19:00,N343,R019,00-00-06,JAMAICA 179 ST,F,IND,REGULAR,73452,35572,30,44,1
1/27/2018 23:00,N343,R019,00-00-06,JAMAICA 179 ST,F,IND,REGULAR,73469,35593,17,21,1
1/28/2018 3:00,N343,R019,00-00-06,JAMAICA 179 ST,F,IND,REGULAR,73472,35603,3,10,1
1/28/2018 7:00,N343,R019,00-00-06,JAMAICA 179 ST,F,IND,REGULAR,73480,35609,8,6,1
1/28/2018 11:00,N343,R019,00-00-06,JAMAICA 179 ST,F,IND,REGULAR,73507,35622,27,13,1
1/28/2018 15:00,N343,R019,00-00-06,JAMAICA 179 ST,F,IND,REGULAR,73526,35646,19,24,1
1/28/2018 19:00,N343,R019,00-00-06,JAMAICA 179 ST,F,IND,REGULAR,73551,35667,25,21,1
1/28/2018 23:00,N343,R019,00-00-06,JAMAICA 179 ST,F,IND,REGULAR,73563,35683,12,16,1
1/29/2018 3:00,N343,R019,00-00-06,JAMAICA 179 ST,F,IND,REGULAR,73567,35692,4,9,1
1/29/2018 7:00,N343,R019,00-00-06,JAMAICA 179 ST,F,IND,REGULAR,73726,35699,159,7,1
1/29/2018 11:00,N343,R019,00-00-06,JAMAICA 179 ST,F,IND,REGULAR,74020,35722,294,23,1
1/29/2018 15:00,N343,R019,00-00-06,JAMAICA 179 ST,F,IND,REGULAR,74078,35748,58,26,1
1/29/2018 19:00,N343,R019,00-00-06,JAMAICA 179 ST,F,IND,REGULAR,74113,35855,35,107,1
1/29/2018 23:00,N343,R019,00-00-06,JAMAICA 179 ST,F,IND,REGULAR,74127,35913,14,58,1
1/30/2018 3:00,N343,R019,00-00-06,JAMAICA 179 ST,F,IND,REGULAR,74132,35934,5,21,1
1/30/2018 7:00,N343,R019,00-00-06,JAMAICA 179 ST,F,IND,REGULAR,74281,35942,149,8,1
1/30/2018 11:00,N343,R019,00-00-06,JAMAICA 179 ST,F,IND,REGULAR,74652,35967,371,25,1
1/30/2018 15:00,N343,R019,00-00-06,JAMAICA 179 ST,F,IND,REGULAR,74690,35997,38,30,1
1/30/2018 19:00,N343,R019,00-00-06,JAMAICA 179 ST,F,IND,REGULAR,74752,36116,62,119,1
1/30/2018 23:00,N343,R019,00-00-06,JAMAICA 179 ST,F,IND,REGULAR,74776,36197,24,81,1
1/31/2018 3:00,N343,R019,00-00-06,JAMAICA 179 ST,F,IND,REGULAR,74782,36204,6,7,1
1/31/2018 7:00,N343,R019,00-00-06,JAMAICA 179 ST,F,IND,REGULAR,74937,36211,155,7,1
1/31/2018 9:45,N343,R019,00-00-06,JAMAICA 179 ST,F,IND,REGULAR,75288,36230,351,19,1
1/31/2018 9:52,N343,R019,00-00-06,JAMAICA 179 ST,F,IND,REGULAR,75292,36231,4,1,1
1/31/2018 11:00,N343,R019,00-00-06,JAMAICA 179 ST,F,IND,REGULAR,75323,36242,31,11,1
1/31/2018 14:44,N343,R019,00-00-06,JAMAICA 179 ST,F,IND,REGULAR,75366,36266,43,24,1
1/31/2018 15:00,N343,R019,00-00-06,JAMAICA 179 ST,F,IND,REGULAR,75371,36270,5,4,1
1/31/2018 19:00,N343,R019,00-00-06,JAMAICA 179 ST,F,IND,REGULAR,75407,36366,36,96,1
1/31/2018 23:00,N343,R019,00-00-06,JAMAICA 179 ST,F,IND,REGULAR,75426,36432,19,66,1
2/1/2018 3:00,N343,R019,00-00-06,JAMAICA 179 ST,F,IND,REGULAR,75428,36441,2,9,1
2/1/2018 7:00,N343,R019,00-00-06,JAMAICA 179 ST,F,IND,REGULAR,75596,36452,168,11,1
2/1/2018 8:18,N343,R019,00-00-06,JAMAICA 179 ST,F,IND,REGULAR,75816,36462,220,10,1
2/1/2018 11:00,N343,R019,00-00-06,JAMAICA 179 ST,F,IND,REGULAR,75919,36476,103,14,1
2/1/2018 15:00,N343,R019,00-00-06,JAMAICA 179 ST,F,IND,REGULAR,75966,36516,47,40,1
2/1/2018 19:00,N343,R019,00-00-06,JAMAICA 179 ST,F,IND,REGULAR,76008,36632,42,116,1
2/1/2018 23:00,N343,R019,00-00-06,JAMAICA 179 ST,F,IND,REGULAR,76031,36695,23,63,1
2/2/2018 3:00,N343,R019,00-00-06,JAMAICA 179 ST,F,IND,REGULAR,76036,36714,5,19,1
2/2/2018 7:00,N343,R019,00-00-06,JAMAICA 179 ST,F,IND,REGULAR,76168,36720,132,6,1
2/2/2018 11:00,N343,R019,00-00-06,JAMAICA 179 ST,F,IND,REGULAR,76454,36737,286,17,1
2/2/2018 15:00,N343,R019,00-00-06,JAMAICA 179 ST,F,IND,REGULAR,76503,36777,49,40,1
2/2/2018 19:00,N343,R019,00-00-06,JAMAICA 179 ST,F,IND,REGULAR,76545,36872,42,95,1
2/2/2018 23:00,N343,R019,00-00-06,JAMAICA 179 ST,F,IND,REGULAR,76569,36938,24,66,1
2/3/2018 3:00,N343,R019,00-00-06,JAMAICA 179 ST,F,IND,REGULAR,76572,36948,3,10,1
2/3/2018 7:00,N343,R019,00-00-06,JAMAICA 179 ST,F,IND,REGULAR,76590,36955,18,7,1
2/3/2018 11:00,N343,R019,00-00-06,JAMAICA 179 ST,F,IND,REGULAR,76636,36973,46,18,1
2/3/2018 15:00,N343,R019,00-00-06,JAMAICA 179 ST,F,IND,REGULAR,76677,36989,41,16,1
2/3/2018 19:00,N343,R019,00-00-06,JAMAICA 179 ST,F,IND,REGULAR,76701,37015,24,26,1
2/3/2018 23:00,N343,R019,00-00-06,JAMAICA 179 ST,F,IND,REGULAR,76711,37035,10,20,1
2/4/2018 3:00,N343,R019,00-00-06,JAMAICA 179 ST,F,IND,REGULAR,76715,37042,4,7,1
2/4/2018 7:00,N343,R019,00-00-06,JAMAICA 179 ST,F,IND,REGULAR,76728,37044,13,2,1
2/4/2018 11:00,N343,R019,00-00-06,JAMAICA 179 ST,F,IND,REGULAR,76746,37052,18,8,1
2/4/2018 15:00,N343,R019,00-00-06,JAMAICA 179 ST,F,IND,REGULAR,76766,37067,20,15,1
2/4/2018 19:00,N343,R019,00-00-06,JAMAICA 179 ST,F,IND,REGULAR,76781,37086,15,19,1
2/4/2018 23:00,N343,R019,00-00-06,JAMAICA 179 ST,F,IND,REGULAR,76795,37108,14,22,1
2/5/2018 3:00,N343,R019,00-00-06,JAMAICA 179 ST,F,IND,REGULAR,76797,37119,2,11,1
2/5/2018 7:00,N343,R019,00-00-06,JAMAICA 179 ST,F,IND,REGULAR,76945,37127,148,8,1
2/5/2018 11:00,N343,R019,00-00-06,JAMAICA 179 ST,F,IND,REGULAR,77282,37145,337,18,1
2/5/2018 15:00,N343,R019,00-00-06,JAMAICA 179 ST,F,IND,REGULAR,77330,37175,48,30,1
2/5/2018 19:00,N343,R019,00-00-06,JAMAICA 179 ST,F,IND,REGULAR,77370,37283,40,108,1
2/5/2018 23:00,N343,R019,00-00-06,JAMAICA 179 ST,F,IND,REGULAR,77389,37333,19,50,1
2/6/2018 3:00,N343,R019,00-00-06,JAMAICA 179 ST,F,IND,REGULAR,77393,37341,4,8,1
2/6/2018 7:00,N343,R019,00-00-06,JAMAICA 179 ST,F,IND,REGULAR,77543,37349,150,8,1
2/6/2018 11:00,N343,R019,00-00-06,JAMAICA 179 ST,F,IND,REGULAR,77881,37373,338,24,1
2/6/2018 15:00,N343,R019,00-00-06,JAMAICA 179 ST,F,IND,REGULAR,77929,37401,48,28,1
2/6/2018 19:00,N343,R019,00-00-06,JAMAICA 179 ST,F,IND,REGULAR,77977,37524,48,123,1
2/6/2018 23:00,N343,R019,00-00-06,JAMAICA 179 ST,F,IND,REGULAR,77996,37586,19,62,1
2/7/2018 3:00,N343,R019,00-00-06,JAMAICA 179 ST,F,IND,REGULAR,77998,37597,2,11,1
2/7/2018 7:00,N343,R019,00-00-06,JAMAICA 179 ST,F,IND,REGULAR,78158,37604,160,7,1
2/7/2018 11:00,N343,R019,00-00-06,JAMAICA 179 ST,F,IND,REGULAR,78477,37635,319,31,1
2/7/2018 15:00,N343,R019,00-00-06,JAMAICA 179 ST,F,IND,REGULAR,78526,37669,49,34,1
2/7/2018 19:00,N343,R019,00-00-06,JAMAICA 179 ST,F,IND,REGULAR,78573,37787,47,118,1
2/7/2018 23:00,N343,R019,00-00-06,JAMAICA 179 ST,F,IND,REGULAR,78586,37847,13,60,1
2/8/2018 3:00,N343,R019,00-00-06,JAMAICA 179 ST,F,IND,REGULAR,78594,37863,8,16,1
2/8/2018 7:00,N343,R019,00-00-06,JAMAICA 179 ST,F,IND,REGULAR,78724,37875,130,12,1
2/8/2018 11:00,N343,R019,00-00-06,JAMAICA 179 ST,F,IND,REGULAR,79060,37894,336,19,1
2/8/2018 15:00,N343,R019,00-00-06,JAMAICA 179 ST,F,IND,REGULAR,79118,37921,58,27,1
2/8/2018 19:00,N343,R019,00-00-06,JAMAICA 179 ST,F,IND,REGULAR,79165,38044,47,123,1
2/8/2018 23:00,N343,R019,00-00-06,JAMAICA 179 ST,F,IND,REGULAR,79181,38091,16,47,1
2/9/2018 3:00,N343,R019,00-00-06,JAMAICA 179 ST,F,IND,REGULAR,79185,38102,4,11,1
2/9/2018 7:00,N343,R019,00-00-06,JAMAICA 179 ST,F,IND,REGULAR,79327,38107,142,5,1
2/9/2018 11:00,N343,R019,00-00-06,JAMAICA 179 ST,F,IND,REGULAR,79622,38128,295,21,1
2/9/2018 15:00,N343,R019,00-00-06,JAMAICA 179 ST,F,IND,REGULAR,79679,38152,57,24,1
2/9/2018 19:00,N343,R019,00-00-06,JAMAICA 179 ST,F,IND,REGULAR,79731,38263,52,111,1
2/9/2018 23:00,N343,R019,00-00-06,JAMAICA 179 ST,F,IND,REGULAR,79745,38304,14,41,1
2/10/2018 3:00,N343,R019,00-00-06,JAMAICA 179 ST,F,IND,REGULAR,79749,38317,4,13,1
2/10/2018 7:00,N343,R019,00-00-06,JAMAICA 179 ST,F,IND,REGULAR,79761,38324,12,7,1
2/10/2018 11:00,N343,R019,00-00-06,JAMAICA 179 ST,F,IND,REGULAR,79813,38336,52,12,1
2/10/2018 15:00,N343,R019,00-00-06,JAMAICA 179 ST,F,IND,REGULAR,79871,38361,58,25,1
2/10/2018 19:00,N343,R019,00-00-06,JAMAICA 179 ST,F,IND,REGULAR,79897,38393,26,32,1
2/10/2018 23:00,N343,R019,00-00-06,JAMAICA 179 ST,F,IND,REGULAR,79913,38409,16,16,1
2/11/2018 3:00,N343,R019,00-00-06,JAMAICA 179 ST,F,IND,REGULAR,79917,38419,4,10,1
2/11/2018 7:00,N343,R019,00-00-06,JAMAICA 179 ST,F,IND,REGULAR,79928,38425,11,6,1
2/11/2018 11:00,N343,R019,00-00-06,JAMAICA 179 ST,F,IND,REGULAR,79951,38440,23,15,1
2/11/2018 15:00,N343,R019,00-00-06,JAMAICA 179 ST,F,IND,REGULAR,79975,38453,24,13,1
2/11/2018 19:00,N343,R019,00-00-06,JAMAICA 179 ST,F,IND,REGULAR,79993,38475,18,22,1
2/11/2018 23:00,N343,R019,00-00-06,JAMAICA 179 ST,F,IND,REGULAR,80002,38486,9,11,1
2/12/2018 3:00,N343,R019,00-00-06,JAMAICA 179 ST,F,IND,REGULAR,80006,38494,4,8,1
2/12/2018 7:00,N343,R019,00-00-06,JAMAICA 179 ST,F,IND,REGULAR,80158,38499,152,5,1
2/12/2018 11:00,N343,R019,00-00-06,JAMAICA 179 ST,F,IND,REGULAR,80450,38526,292,27,1
2/12/2018 15:00,N343,R019,00-00-06,JAMAICA 179 ST,F,IND,REGULAR,80505,38555,55,29,1
2/12/2018 19:00,N343,R019,00-00-06,JAMAICA 179 ST,F,IND,REGULAR,80559,38621,54,66,1
2/12/2018 23:00,N343,R019,00-00-06,JAMAICA 179 ST,F,IND,REGULAR,80575,38671,16,50,1
2/13/2018 3:00,N343,R019,00-00-06,JAMAICA 179 ST,F,IND,REGULAR,80576,38680,1,9,1
2/13/2018 7:00,N343,R019,00-00-06,JAMAICA 179 ST,F,IND,REGULAR,80736,38687,160,7,1
2/13/2018 11:00,N343,R019,00-00-06,JAMAICA 179 ST,F,IND,REGULAR,81031,38710,295,23,1
2/13/2018 15:00,N343,R019,00-00-06,JAMAICA 179 ST,F,IND,REGULAR,81071,38756,40,46,1
2/13/2018 19:00,N343,R019,00-00-06,JAMAICA 179 ST,F,IND,REGULAR,81115,38848,44,92,1
2/13/2018 23:00,N343,R019,00-00-06,JAMAICA 179 ST,F,IND,REGULAR,81124,38938,9,90,1
2/14/2018 3:00,N343,R019,00-00-06,JAMAICA 179 ST,F,IND,REGULAR,81126,38952,2,14,1
2/14/2018 7:00,N343,R019,00-00-06,JAMAICA 179 ST,F,IND,REGULAR,81301,38963,175,11,1
2/14/2018 11:00,N343,R019,00-00-06,JAMAICA 179 ST,F,IND,REGULAR,81693,38994,392,31,1
2/14/2018 15:00,N343,R019,00-00-06,JAMAICA 179 ST,F,IND,REGULAR,81759,39025,66,31,1
2/14/2018 19:00,N343,R019,00-00-06,JAMAICA 179 ST,F,IND,REGULAR,81834,39115,75,90,1
2/14/2018 23:00,N343,R019,00-00-06,JAMAICA 179 ST,F,IND,REGULAR,81856,39168,22,53,1
2/15/2018 3:00,N343,R019,00-00-06,JAMAICA 179 ST,F,IND,REGULAR,81864,39175,8,7,1
2/15/2018 7:00,N343,R019,00-00-06,JAMAICA 179 ST,F,IND,REGULAR,82019,39185,155,10,1
2/15/2018 11:00,N343,R019,00-00-06,JAMAICA 179 ST,F,IND,REGULAR,82417,39205,398,20,1
2/15/2018 15:00,N343,R019,00-00-06,JAMAICA 179 ST,F,IND,REGULAR,82460,39223,43,18,1
2/15/2018 19:00,N343,R019,00-00-06,JAMAICA 179 ST,F,IND,REGULAR,82503,39333,43,110,1
2/15/2018 23:00,N343,R019,00-00-06,JAMAICA 179 ST,F,IND,REGULAR,82519,39396,16,63,1
2/16/2018 3:00,N343,R019,00-00-06,JAMAICA 179 ST,F,IND,REGULAR,82524,39412,5,16,1
2/16/2018 7:00,N343,R019,00-00-06,JAMAICA 179 ST,F,IND,REGULAR,82658,39417,134,5,1
2/16/2018 11:00,N343,R019,00-00-06,JAMAICA 179 ST,F,IND,REGULAR,82885,39450,227,33,1
2/16/2018 15:00,N343,R019,00-00-06,JAMAICA 179 ST,F,IND,REGULAR,82940,39491,55,41,1
2/16/2018 19:00,N343,R019,00-00-06,JAMAICA 179 ST,F,IND,REGULAR,82990,39591,50,100,1
2/16/2018 23:00,N343,R019,00-00-06,JAMAICA 179 ST,F,IND,REGULAR,83003,39645,13,54,1
2/17/2018 3:00,N343,R019,00-00-06,JAMAICA 179 ST,F,IND,REGULAR,83007,39655,4,10,1
2/17/2018 7:00,N343,R019,00-00-06,JAMAICA 179 ST,F,IND,REGULAR,83024,39660,17,5,1
2/17/2018 11:00,N343,R019,00-00-06,JAMAICA 179 ST,F,IND,REGULAR,83068,39677,44,17,1
2/17/2018 15:00,N343,R019,00-00-06,JAMAICA 179 ST,F,IND,REGULAR,83101,39700,33,23,1
2/17/2018 19:00,N343,R019,00-00-06,JAMAICA 179 ST,F,IND,REGULAR,83135,39742,34,42,1
2/17/2018 23:00,N343,R019,00-00-06,JAMAICA 179 ST,F,IND,REGULAR,83154,39772,19,30,1
2/18/2018 3:00,N343,R019,00-00-06,JAMAICA 179 ST,F,IND,REGULAR,83156,39782,2,10,1
2/18/2018 7:00,N343,R019,00-00-06,JAMAICA 179 ST,F,IND,REGULAR,83165,39785,9,3,1
2/18/2018 11:00,N343,R019,00-00-06,JAMAICA 179 ST,F,IND,REGULAR,83191,39794,26,9,1
2/18/2018 15:00,N343,R019,00-00-06,JAMAICA 179 ST,F,IND,REGULAR,83213,39810,22,16,1
2/18/2018 19:00,N343,R019,00-00-06,JAMAICA 179 ST,F,IND,REGULAR,83235,39831,22,21,1
2/18/2018 23:00,N343,R019,00-00-06,JAMAICA 179 ST,F,IND,REGULAR,83247,39844,12,13,1
2/19/2018 3:00,N343,R019,00-00-06,JAMAICA 179 ST,F,IND,REGULAR,83247,39852,0,8,1
2/19/2018 7:00,N343,R019,00-00-06,JAMAICA 179 ST,F,IND,REGULAR,83300,39857,53,5,1
2/19/2018 11:00,N343,R019,00-00-06,JAMAICA 179 ST,F,IND,REGULAR,83370,39877,70,20,1
2/19/2018 15:00,N343,R019,00-00-06,JAMAICA 179 ST,F,IND,REGULAR,83407,39922,37,45,1
2/19/2018 19:00,N343,R019,00-00-06,JAMAICA 179 ST,F,IND,REGULAR,83445,39960,38,38,1
2/19/2018 23:00,N343,R019,00-00-06,JAMAICA 179 ST,F,IND,REGULAR,83461,39994,16,34,1
2/20/2018 3:00,N343,R019,00-00-06,JAMAICA 179 ST,F,IND,REGULAR,83466,40006,5,12,1
2/20/2018 7:00,N343,R019,00-00-06,JAMAICA 179 ST,F,IND,REGULAR,83667,40016,201,10,1
2/20/2018 11:00,N343,R019,00-00-06,JAMAICA 179 ST,F,IND,REGULAR,84108,40043,441,27,1
2/20/2018 15:00,N343,R019,00-00-06,JAMAICA 179 ST,F,IND,REGULAR,84184,40067,76,24,1
2/20/2018 19:00,N343,R019,00-00-06,JAMAICA 179 ST,F,IND,REGULAR,84262,40183,78,116,1
2/20/2018 23:00,N343,R019,00-00-06,JAMAICA 179 ST,F,IND,REGULAR,84287,40254,25,71,1
2/21/2018 3:00,N343,R019,00-00-06,JAMAICA 179 ST,F,IND,REGULAR,84292,40267,5,13,1
2/21/2018 7:00,N343,R019,00-00-06,JAMAICA 179 ST,F,IND,REGULAR,84438,40273,146,6,1
2/21/2018 11:00,N343,R019,00-00-06,JAMAICA 179 ST,F,IND,REGULAR,84659,40287,221,14,1
2/21/2018 15:00,N343,R019,00-00-06,JAMAICA 179 ST,F,IND,REGULAR,84722,40320,63,33,1
2/21/2018 19:00,N343,R019,00-00-06,JAMAICA 179 ST,F,IND,REGULAR,84774,40414,52,94,1
2/21/2018 23:00,N343,R019,00-00-06,JAMAICA 179 ST,F,IND,REGULAR,84788,40485,14,71,1
2/22/2018 3:00,N343,R019,00-00-06,JAMAICA 179 ST,F,IND,REGULAR,84792,40494,4,9,1
2/22/2018 7:00,N343,R019,00-00-06,JAMAICA 179 ST,F,IND,REGULAR,84922,40497,130,3,1
2/22/2018 11:00,N343,R019,00-00-06,JAMAICA 179 ST,F,IND,REGULAR,85164,40527,242,30,1
2/22/2018 15:00,N343,R019,00-00-06,JAMAICA 179 ST,F,IND,REGULAR,85216,40564,52,37,1
2/22/2018 19:00,N343,R019,00-00-06,JAMAICA 179 ST,F,IND,REGULAR,85262,40686,46,122,1
2/22/2018 23:00,N343,R019,00-00-06,JAMAICA 179 ST,F,IND,REGULAR,85273,40741,11,55,1
2/23/2018 3:00,N343,R019,00-00-06,JAMAICA 179 ST,F,IND,REGULAR,85274,40751,1,10,1
2/23/2018 7:00,N343,R019,00-00-06,JAMAICA 179 ST,F,IND,REGULAR,85408,40757,134,6,1
2/23/2018 11:00,N343,R019,00-00-06,JAMAICA 179 ST,F,IND,REGULAR,85621,40787,213,30,1
2/23/2018 15:00,N343,R019,00-00-06,JAMAICA 179 ST,F,IND,REGULAR,85679,40823,58,36,1
2/23/2018 19:00,N343,R019,00-00-06,JAMAICA 179 ST,F,IND,REGULAR,85733,40927,54,104,1
2/23/2018 23:00,N343,R019,00-00-06,JAMAICA 179 ST,F,IND,REGULAR,85748,40992,15,65,1
2/24/2018 3:00,N343,R019,00-00-06,JAMAICA 179 ST,F,IND,RECOVR AUD,85754,41007,6,15,1
2/24/2018 7:00,N343,R019,00-00-06,JAMAICA 179 ST,F,IND,REGULAR,85772,41012,18,5,1
2/24/2018 11:00,N343,R019,00-00-06,JAMAICA 179 ST,F,IND,REGULAR,85813,41026,41,14,1
2/24/2018 15:00,N343,R019,00-00-06,JAMAICA 179 ST,F,IND,REGULAR,85842,41049,29,23,1
2/24/2018 19:00,N343,R019,00-00-06,JAMAICA 179 ST,F,IND,REGULAR,85872,41091,30,42,1
2/24/2018 23:00,N343,R019,00-00-06,JAMAICA 179 ST,F,IND,REGULAR,85888,41111,16,20,1
2/25/2018 3:00,N343,R019,00-00-06,JAMAICA 179 ST,F,IND,REGULAR,85891,41124,3,13,1
2/25/2018 7:00,N343,R019,00-00-06,JAMAICA 179 ST,F,IND,REGULAR,85895,41135,4,11,1
2/25/2018 11:00,N343,R019,00-00-06,JAMAICA 179 ST,F,IND,REGULAR,85909,41146,14,11,1
2/25/2018 15:00,N343,R019,00-00-06,JAMAICA 179 ST,F,IND,REGULAR,85927,41159,18,13,1
2/25/2018 19:00,N343,R019,00-00-06,JAMAICA 179 ST,F,IND,REGULAR,85938,41190,11,31,1
2/25/2018 23:00,N343,R019,00-00-06,JAMAICA 179 ST,F,IND,REGULAR,85954,41208,16,18,1
2/26/2018 3:00,N343,R019,00-00-06,JAMAICA 179 ST,F,IND,REGULAR,85954,41212,0,4,1
2/26/2018 7:00,N343,R019,00-00-06,JAMAICA 179 ST,F,IND,REGULAR,86083,41218,129,6,1
2/26/2018 11:00,N343,R019,00-00-06,JAMAICA 179 ST,F,IND,REGULAR,86422,41238,339,20,1
2/26/2018 15:00,N343,R019,00-00-06,JAMAICA 179 ST,F,IND,REGULAR,86491,41261,69,23,1
2/26/2018 19:00,N343,R019,00-00-06,JAMAICA 179 ST,F,IND,REGULAR,86541,41368,50,107,1
2/26/2018 23:00,N343,R019,00-00-06,JAMAICA 179 ST,F,IND,REGULAR,86556,41426,15,58,1
2/27/2018 3:00,N343,R019,00-00-06,JAMAICA 179 ST,F,IND,REGULAR,86559,41441,3,15,1
2/27/2018 7:00,N343,R019,00-00-06,JAMAICA 179 ST,F,IND,REGULAR,86704,41451,145,10,1
2/27/2018 11:00,N343,R019,00-00-06,JAMAICA 179 ST,F,IND,REGULAR,86990,41475,286,24,1
2/27/2018 15:00,N343,R019,00-00-06,JAMAICA 179 ST,F,IND,REGULAR,87043,41506,53,31,1
2/27/2018 19:00,N343,R019,00-00-06,JAMAICA 179 ST,F,IND,REGULAR,87094,41636,51,130,1
2/27/2018 23:00,N343,R019,00-00-06,JAMAICA 179 ST,F,IND,REGULAR,87108,41694,14,58,1
2/28/2018 3:00,N343,R019,00-00-06,JAMAICA 179 ST,F,IND,REGULAR,87111,41707,3,13,1
2/28/2018 7:00,N343,R019,00-00-06,JAMAICA 179 ST,F,IND,REGULAR,87266,41708,155,1,1
2/28/2018 11:00,N343,R019,00-00-06,JAMAICA 179 ST,F,IND,REGULAR,87587,41733,321,25,1
2/28/2018 15:00,N343,R019,00-00-06,JAMAICA 179 ST,F,IND,REGULAR,87631,41772,44,39,1
2/28/2018 19:00,N343,R019,00-00-06,JAMAICA 179 ST,F,IND,REGULAR,87674,41864,43,92,1
2/28/2018 23:00,N343,R019,00-00-06,JAMAICA 179 ST,F,IND,REGULAR,87693,41937,19,73,1
3/1/2018 3:00,N343,R019,00-00-06,JAMAICA 179 ST,F,IND,REGULAR,87695,41948,2,11,1
3/1/2018 7:00,N343,R019,00-00-06,JAMAICA 179 ST,F,IND,REGULAR,87826,41957,131,9,1
3/1/2018 11:00,N343,R019,00-00-06,JAMAICA 179 ST,F,IND,REGULAR,88154,41974,328,17,1
3/1/2018 15:00,N343,R019,00-00-06,JAMAICA 179 ST,F,IND,REGULAR,88207,42000,53,26,1
3/1/2018 19:00,N343,R019,00-00-06,JAMAICA 179 ST,F,IND,REGULAR,88245,42115,38,115,1
3/1/2018 23:00,N343,R019,00-00-06,JAMAICA 179 ST,F,IND,REGULAR,88263,42184,18,69,1
3/2/2018 3:00,N343,R019,00-00-06,JAMAICA 179 ST,F,IND,REGULAR,88271,42194,8,10,1
3/2/2018 7:00,N343,R019,00-00-06,JAMAICA 179 ST,F,IND,REGULAR,88402,42203,131,9,1
3/2/2018 11:00,N343,R019,00-00-06,JAMAICA 179 ST,F,IND,REGULAR,88656,42225,254,22,1
3/2/2018 15:00,N343,R019,00-00-06,JAMAICA 179 ST,F,IND,REGULAR,88684,42260,28,35,1
3/2/2018 19:00,N343,R019,00-00-06,JAMAICA 179 ST,F,IND,REGULAR,88734,42378,50,118,1
3/2/2018 23:00,N343,R019,00-00-06,JAMAICA 179 ST,F,IND,REGULAR,88751,42423,17,45,1
3/3/2018 3:00,N343,R019,00-00-06,JAMAICA 179 ST,F,IND,REGULAR,88755,42433,4,10,1
3/3/2018 7:00,N343,R019,00-00-06,JAMAICA 179 ST,F,IND,REGULAR,88777,42441,22,8,1
3/3/2018 11:00,N343,R019,00-00-06,JAMAICA 179 ST,F,IND,REGULAR,88818,42465,41,24,1
3/3/2018 15:00,N343,R019,00-00-06,JAMAICA 179 ST,F,IND,REGULAR,88860,42491,42,26,1
3/3/2018 19:00,N343,R019,00-00-06,JAMAICA 179 ST,F,IND,REGULAR,88896,42529,36,38,1
3/3/2018 23:00,N343,R019,00-00-06,JAMAICA 179 ST,F,IND,REGULAR,88910,42551,14,22,1
3/4/2018 3:00,N343,R019,00-00-06,JAMAICA 179 ST,F,IND,REGULAR,88918,42563,8,12,1
3/4/2018 7:00,N343,R019,00-00-06,JAMAICA 179 ST,F,IND,REGULAR,88927,42567,9,4,1
3/4/2018 11:00,N343,R019,00-00-06,JAMAICA 179 ST,F,IND,REGULAR,88955,42576,28,9,1
3/4/2018 15:00,N343,R019,00-00-06,JAMAICA 179 ST,F,IND,REGULAR,88987,42599,32,23,1
3/4/2018 19:00,N343,R019,00-00-06,JAMAICA 179 ST,F,IND,REGULAR,89004,42625,17,26,1
3/4/2018 23:00,N343,R019,00-00-06,JAMAICA 179 ST,F,IND,REGULAR,89027,42638,23,13,1
3/5/2018 3:00,N343,R019,00-00-06,JAMAICA 179 ST,F,IND,REGULAR,89031,42644,4,6,1
3/5/2018 7:00,N343,R019,00-00-06,JAMAICA 179 ST,F,IND,REGULAR,89168,42659,137,15,1
3/5/2018 11:00,N343,R019,00-00-06,JAMAICA 179 ST,F,IND,REGULAR,89504,42685,336,26,1
3/5/2018 15:00,N343,R019,00-00-06,JAMAICA 179 ST,F,IND,REGULAR,89549,42727,45,42,1
3/5/2018 19:00,N343,R019,00-00-06,JAMAICA 179 ST,F,IND,REGULAR,89591,42835,42,108,1
3/5/2018 23:00,N343,R019,00-00-06,JAMAICA 179 ST,F,IND,REGULAR,89607,42888,16,53,1
3/6/2018 3:00,N343,R019,00-00-06,JAMAICA 179 ST,F,IND,REGULAR,89611,42900,4,12,1
3/6/2018 7:00,N343,R019,00-00-06,JAMAICA 179 ST,F,IND,REGULAR,89776,42911,165,11,1
3/6/2018 11:00,N343,R019,00-00-06,JAMAICA 179 ST,F,IND,REGULAR,90118,42936,342,25,1
3/6/2018 15:00,N343,R019,00-00-06,JAMAICA 179 ST,F,IND,REGULAR,90175,42970,57,34,1
3/6/2018 19:00,N343,R019,00-00-06,JAMAICA 179 ST,F,IND,REGULAR,90224,43095,49,125,1
3/6/2018 23:00,N343,R019,00-00-06,JAMAICA 179 ST,F,IND,REGULAR,90243,43166,19,71,1
3/7/2018 3:00,N343,R019,00-00-06,JAMAICA 179 ST,F,IND,REGULAR,90249,43174,6,8,1
3/7/2018 7:00,N343,R019,00-00-06,JAMAICA 179 ST,F,IND,REGULAR,90350,43182,101,8,1
3/7/2018 11:00,N343,R019,00-00-06,JAMAICA 179 ST,F,IND,REGULAR,90593,43209,243,27,1
3/7/2018 15:00,N343,R019,00-00-06,JAMAICA 179 ST,F,IND,REGULAR,90627,43246,34,37,1
3/7/2018 19:00,N343,R019,00-00-06,JAMAICA 179 ST,F,IND,REGULAR,90659,43353,32,107,1
3/7/2018 23:00,N343,R019,00-00-06,JAMAICA 179 ST,F,IND,REGULAR,90666,43382,7,29,1
3/8/2018 3:00,N343,R019,00-00-06,JAMAICA 179 ST,F,IND,REGULAR,90669,43389,3,7,1
3/8/2018 7:00,N343,R019,00-00-06,JAMAICA 179 ST,F,IND,REGULAR,90787,43395,118,6,1
3/8/2018 11:00,N343,R019,00-00-06,JAMAICA 179 ST,F,IND,REGULAR,91124,43416,337,21,1
3/8/2018 15:00,N343,R019,00-00-06,JAMAICA 179 ST,F,IND,REGULAR,91183,43458,59,42,1
3/8/2018 19:00,N343,R019,00-00-06,JAMAICA 179 ST,F,IND,REGULAR,91226,43560,43,102,1
3/8/2018 23:00,N343,R019,00-00-06,JAMAICA 179 ST,F,IND,REGULAR,91243,43618,17,58,1
3/9/2018 3:00,N343,R019,00-00-06,JAMAICA 179 ST,F,IND,REGULAR,91247,43628,4,10,1
3/9/2018 7:00,N343,R019,00-00-06,JAMAICA 179 ST,F,IND,REGULAR,91392,43638,145,10,1
3/9/2018 11:00,N343,R019,00-00-06,JAMAICA 179 ST,F,IND,REGULAR,91667,43663,275,25,1
3/9/2018 15:00,N343,R019,00-00-06,JAMAICA 179 ST,F,IND,REGULAR,91719,43700,52,37,1
3/9/2018 19:00,N343,R019,00-00-06,JAMAICA 179 ST,F,IND,REGULAR,91783,43821,64,121,1
3/9/2018 23:00,N343,R019,00-00-06,JAMAICA 179 ST,F,IND,REGULAR,91809,43875,26,54,1
3/17/2018 0:00,N343,R019,00-00-06,JAMAICA 179 ST,F,IND,REGULAR,95051,45313,3242,1438,1
3/17/2018 4:00,N343,R019,00-00-06,JAMAICA 179 ST,F,IND,REGULAR,95052,45325,1,12,1
3/17/2018 8:00,N343,R019,00-00-06,JAMAICA 179 ST,F,IND,REGULAR,95091,45338,39,13,1
3/17/2018 12:00,N343,R019,00-00-06,JAMAICA 179 ST,F,IND,REGULAR,95140,45362,49,24,1
3/17/2018 16:00,N343,R019,00-00-06,JAMAICA 179 ST,F,IND,REGULAR,95180,45394,40,32,1
3/17/2018 20:00,N343,R019,00-00-06,JAMAICA 179 ST,F,IND,REGULAR,95209,45441,29,47,1
3/18/2018 0:00,N343,R019,00-00-06,JAMAICA 179 ST,F,IND,REGULAR,95226,45456,17,15,1
3/18/2018 4:00,N343,R019,00-00-06,JAMAICA 179 ST,F,IND,REGULAR,95228,45468,2,12,1
3/18/2018 8:00,N343,R019,00-00-06,JAMAICA 179 ST,F,IND,REGULAR,95240,45474,12,6,1
3/18/2018 12:00,N343,R019,00-00-06,JAMAICA 179 ST,F,IND,REGULAR,95270,45490,30,16,1
3/18/2018 16:00,N343,R019,00-00-06,JAMAICA 179 ST,F,IND,REGULAR,95297,45505,27,15,1
3/18/2018 20:00,N343,R019,00-00-06,JAMAICA 179 ST,F,IND,REGULAR,95322,45526,25,21,1
3/19/2018 0:00,N343,R019,00-00-06,JAMAICA 179 ST,F,IND,REGULAR,95334,45539,12,13,1
3/19/2018 4:00,N343,R019,00-00-06,JAMAICA 179 ST,F,IND,REGULAR,95338,45550,4,11,1
3/19/2018 8:00,N343,R019,00-00-06,JAMAICA 179 ST,F,IND,REGULAR,95636,45570,298,20,1
3/19/2018 12:00,N343,R019,00-00-06,JAMAICA 179 ST,F,IND,REGULAR,95811,45595,175,25,1
3/19/2018 16:00,N343,R019,00-00-06,JAMAICA 179 ST,F,IND,REGULAR,95852,45646,41,51,1
3/19/2018 20:00,N343,R019,00-00-06,JAMAICA 179 ST,F,IND,REGULAR,95896,45779,44,133,1
3/20/2018 0:00,N343,R019,00-00-06,JAMAICA 179 ST,F,IND,REGULAR,95908,45804,12,25,1
3/20/2018 4:00,N343,R019,00-00-06,JAMAICA 179 ST,F,IND,REGULAR,95912,45811,4,7,1
3/20/2018 8:00,N343,R019,00-00-06,JAMAICA 179 ST,F,IND,REGULAR,96232,45828,320,17,1
3/20/2018 12:00,N343,R019,00-00-06,JAMAICA 179 ST,F,IND,REGULAR,96418,45853,186,25,1
3/20/2018 16:00,N343,R019,00-00-06,JAMAICA 179 ST,F,IND,REGULAR,96482,45895,64,42,1
3/20/2018 20:00,N343,R019,00-00-06,JAMAICA 179 ST,F,IND,REGULAR,96528,46022,46,127,1
3/21/2018 0:00,N343,R019,00-00-06,JAMAICA 179 ST,F,IND,REGULAR,96539,46063,11,41,1
3/21/2018 4:00,N343,R019,00-00-06,JAMAICA 179 ST,F,IND,REGULAR,96543,46068,4,5,1
3/21/2018 8:00,N343,R019,00-00-06,JAMAICA 179 ST,F,IND,REGULAR,96703,46079,160,11,1
3/21/2018 12:00,N343,R019,00-00-06,JAMAICA 179 ST,F,IND,REGULAR,96764,46089,61,10,1
3/21/2018 16:00,N343,R019,00-00-06,JAMAICA 179 ST,F,IND,REGULAR,96787,46143,23,54,1
3/21/2018 20:00,N343,R019,00-00-06,JAMAICA 179 ST,F,IND,REGULAR,96808,46193,21,50,1
3/22/2018 0:00,N343,R019,00-00-06,JAMAICA 179 ST,F,IND,REGULAR,96821,46208,13,15,1
3/22/2018 4:00,N343,R019,00-00-06,JAMAICA 179 ST,F,IND,REGULAR,96827,46217,6,9,1
3/22/2018 8:00,N343,R019,00-00-06,JAMAICA 179 ST,F,IND,REGULAR,97073,46226,246,9,1
3/22/2018 12:00,N343,R019,00-00-06,JAMAICA 179 ST,F,IND,REGULAR,97214,46246,141,20,1
3/22/2018 16:00,N343,R019,00-00-06,JAMAICA 179 ST,F,IND,REGULAR,97261,46279,47,33,1
3/22/2018 20:00,N343,R019,00-00-06,JAMAICA 179 ST,F,IND,REGULAR,97309,46391,48,112,1
3/23/2018 0:00,N343,R019,00-00-06,JAMAICA 179 ST,F,IND,REGULAR,97321,46425,12,34,1
3/23/2018 4:00,N343,R019,00-00-06,JAMAICA 179 ST,F,IND,REGULAR,97324,46437,3,12,1
3/23/2018 8:00,N343,R019,00-00-06,JAMAICA 179 ST,F,IND,REGULAR,97596,46455,272,18,1
3/23/2018 12:00,N343,R019,00-00-06,JAMAICA 179 ST,F,IND,REGULAR,97775,46476,179,21,1
3/23/2018 16:00,N343,R019,00-00-06,JAMAICA 179 ST,F,IND,REGULAR,97827,46538,52,62,1
3/23/2018 20:00,N343,R019,00-00-06,JAMAICA 179 ST,F,IND,REGULAR,97885,46667,58,129,1
3/24/2018 0:00,N343,R019,00-00-06,JAMAICA 179 ST,F,IND,REGULAR,97911,46701,26,34,1
3/24/2018 4:00,N343,R019,00-00-06,JAMAICA 179 ST,F,IND,REGULAR,97913,46713,2,12,1
3/24/2018 8:00,N343,R019,00-00-06,JAMAICA 179 ST,F,IND,REGULAR,97942,46716,29,3,1
3/24/2018 12:00,N343,R019,00-00-06,JAMAICA 179 ST,F,IND,REGULAR,97986,46735,44,19,1
3/24/2018 16:00,N343,R019,00-00-06,JAMAICA 179 ST,F,IND,REGULAR,98019,46756,33,21,1
3/24/2018 20:00,N343,R019,00-00-06,JAMAICA 179 ST,F,IND,REGULAR,98038,46795,19,39,1
3/25/2018 0:00,N343,R019,00-00-06,JAMAICA 179 ST,F,IND,REGULAR,98049,46821,11,26,1
3/25/2018 4:00,N343,R019,00-00-06,JAMAICA 179 ST,F,IND,REGULAR,98053,46830,4,9,1
3/25/2018 8:00,N343,R019,00-00-06,JAMAICA 179 ST,F,IND,REGULAR,98065,46836,12,6,1
3/25/2018 12:00,N343,R019,00-00-06,JAMAICA 179 ST,F,IND,REGULAR,98090,46845,25,9,1
3/25/2018 16:00,N343,R019,00-00-06,JAMAICA 179 ST,F,IND,REGULAR,98112,46859,22,14,1
3/25/2018 20:00,N343,R019,00-00-06,JAMAICA 179 ST,F,IND,REGULAR,98130,46889,18,30,1
3/26/2018 0:00,N343,R019,00-00-06,JAMAICA 179 ST,F,IND,REGULAR,98135,46907,5,18,1
3/26/2018 4:00,N343,R019,00-00-06,JAMAICA 179 ST,F,IND,REGULAR,98137,46911,2,4,1
3/26/2018 8:00,N343,R019,00-00-06,JAMAICA 179 ST,F,IND,REGULAR,98457,46915,320,4,1
3/26/2018 12:00,N343,R019,00-00-06,JAMAICA 179 ST,F,IND,REGULAR,98670,46934,213,19,1
3/26/2018 16:00,N343,R019,00-00-06,JAMAICA 179 ST,F,IND,REGULAR,98726,46975,56,41,1
3/26/2018 20:00,N343,R019,00-00-06,JAMAICA 179 ST,F,IND,REGULAR,98769,47085,43,110,1
3/27/2018 0:00,N343,R019,00-00-06,JAMAICA 179 ST,F,IND,REGULAR,98780,47118,11,33,1
3/27/2018 4:00,N343,R019,00-00-06,JAMAICA 179 ST,F,IND,REGULAR,98784,47126,4,8,1
3/27/2018 8:00,N343,R019,00-00-06,JAMAICA 179 ST,F,IND,REGULAR,99090,47137,306,11,1
3/27/2018 12:00,N343,R019,00-00-06,JAMAICA 179 ST,F,IND,REGULAR,99273,47173,183,36,1
3/27/2018 16:00,N343,R019,00-00-06,JAMAICA 179 ST,F,IND,REGULAR,99318,47215,45,42,1
3/27/2018 20:00,N343,R019,00-00-06,JAMAICA 179 ST,F,IND,REGULAR,99363,47329,45,114,1
3/28/2018 0:00,N343,R019,00-00-06,JAMAICA 179 ST,F,IND,REGULAR,99375,47364,12,35,1
3/28/2018 4:00,N343,R019,00-00-06,JAMAICA 179 ST,F,IND,REGULAR,99380,47370,5,6,1
3/28/2018 8:00,N343,R019,00-00-06,JAMAICA 179 ST,F,IND,REGULAR,99733,47384,353,14,1
3/28/2018 12:00,N343,R019,00-00-06,JAMAICA 179 ST,F,IND,REGULAR,99929,47407,196,23,1
3/28/2018 16:00,N343,R019,00-00-06,JAMAICA 179 ST,F,IND,REGULAR,100000,47446,71,39,1
3/28/2018 20:00,N343,R019,00-00-06,JAMAICA 179 ST,F,IND,REGULAR,100040,47568,40,122,1
3/29/2018 0:00,N343,R019,00-00-06,JAMAICA 179 ST,F,IND,REGULAR,100054,47602,14,34,1
3/29/2018 4:00,N343,R019,00-00-06,JAMAICA 179 ST,F,IND,REGULAR,100059,47606,5,4,1
3/29/2018 8:00,N343,R019,00-00-06,JAMAICA 179 ST,F,IND,REGULAR,100452,47617,393,11,1
3/29/2018 12:00,N343,R019,00-00-06,JAMAICA 179 ST,F,IND,REGULAR,100663,47633,211,16,1
3/29/2018 16:00,N343,R019,00-00-06,JAMAICA 179 ST,F,IND,REGULAR,100712,47684,49,51,1
3/29/2018 20:00,N343,R019,00-00-06,JAMAICA 179 ST,F,IND,REGULAR,100759,47791,47,107,1
3/30/2018 0:00,N343,R019,00-00-06,JAMAICA 179 ST,F,IND,REGULAR,100771,47830,12,39,1
3/30/2018 4:00,N343,R019,00-00-06,JAMAICA 179 ST,F,IND,REGULAR,100775,47841,4,11,1
3/30/2018 8:00,N343,R019,00-00-06,JAMAICA 179 ST,F,IND,REGULAR,100910,47854,135,13,1
3/30/2018 12:00,N343,R019,00-00-06,JAMAICA 179 ST,F,IND,REGULAR,100994,47874,84,20,1
3/30/2018 16:00,N343,R019,00-00-06,JAMAICA 179 ST,F,IND,REGULAR,101049,47914,55,40,1
3/30/2018 20:00,N343,R019,00-00-06,JAMAICA 179 ST,F,IND,REGULAR,101088,48009,39,95,1
3/31/2018 0:00,N343,R019,00-00-06,JAMAICA 179 ST,F,IND,REGULAR,101101,48045,13,36,1
3/31/2018 4:00,N343,R019,00-00-06,JAMAICA 179 ST,F,IND,REGULAR,101103,48048,2,3,1
3/31/2018 8:00,N343,R019,00-00-06,JAMAICA 179 ST,F,IND,REGULAR,101131,48055,28,7,1
3/31/2018 12:00,N343,R019,00-00-06,JAMAICA 179 ST,F,IND,REGULAR,101175,48081,44,26,1
3/31/2018 16:00,N343,R019,00-00-06,JAMAICA 179 ST,F,IND,REGULAR,101222,48103,47,22,1
3/31/2018 20:00,N343,R019,00-00-06,JAMAICA 179 ST,F,IND,REGULAR,101243,48138,21,35,1
4/1/2018 0:00,N343,R019,00-00-06,JAMAICA 179 ST,F,IND,REGULAR,101258,48160,15,22,1
4/1/2018 4:00,N343,R019,00-00-06,JAMAICA 179 ST,F,IND,REGULAR,101259,48165,1,5,1
4/1/2018 8:00,N343,R019,00-00-06,JAMAICA 179 ST,F,IND,REGULAR,101268,48172,9,7,1
4/1/2018 12:00,N343,R019,00-00-06,JAMAICA 179 ST,F,IND,REGULAR,101289,48184,21,12,1
4/1/2018 16:00,N343,R019,00-00-06,JAMAICA 179 ST,F,IND,REGULAR,101317,48200,28,16,1
4/1/2018 20:00,N343,R019,00-00-06,JAMAICA 179 ST,F,IND,REGULAR,101342,48220,25,20,1
4/2/2018 0:00,N343,R019,00-00-06,JAMAICA 179 ST,F,IND,REGULAR,101355,48231,13,11,1
4/2/2018 4:00,N343,R019,00-00-06,JAMAICA 179 ST,F,IND,REGULAR,101358,48235,3,4,1
4/2/2018 8:00,N343,R019,00-00-06,JAMAICA 179 ST,F,IND,REGULAR,101575,48251,217,16,1
4/2/2018 12:00,N343,R019,00-00-06,JAMAICA 179 ST,F,IND,REGULAR,101694,48276,119,25,1
4/2/2018 16:00,N343,R019,00-00-06,JAMAICA 179 ST,F,IND,REGULAR,101744,48320,50,44,1
4/2/2018 20:00,N343,R019,00-00-06,JAMAICA 179 ST,F,IND,REGULAR,101775,48430,31,110,1
4/3/2018 0:00,N343,R019,00-00-06,JAMAICA 179 ST,F,IND,REGULAR,101783,48464,8,34,1
4/3/2018 4:00,N343,R019,00-00-06,JAMAICA 179 ST,F,IND,REGULAR,101789,48470,6,6,1
4/3/2018 8:00,N343,R019,00-00-06,JAMAICA 179 ST,F,IND,REGULAR,102028,48488,239,18,1
4/3/2018 12:00,N343,R019,00-00-06,JAMAICA 179 ST,F,IND,REGULAR,102186,48518,158,30,1
4/3/2018 16:00,N343,R019,00-00-06,JAMAICA 179 ST,F,IND,REGULAR,102246,48568,60,50,1
4/3/2018 20:00,N343,R019,00-00-06,JAMAICA 179 ST,F,IND,REGULAR,102282,48692,36,124,1
4/4/2018 0:00,N343,R019,00-00-06,JAMAICA 179 ST,F,IND,REGULAR,102292,48729,10,37,1
4/4/2018 4:00,N343,R019,00-00-06,JAMAICA 179 ST,F,IND,REGULAR,102299,48740,7,11,1
4/4/2018 8:00,N343,R019,00-00-06,JAMAICA 179 ST,F,IND,REGULAR,102590,48749,291,9,1
4/4/2018 12:00,N343,R019,00-00-06,JAMAICA 179 ST,F,IND,REGULAR,102749,48788,159,39,1
4/4/2018 16:00,N343,R019,00-00-06,JAMAICA 179 ST,F,IND,REGULAR,102800,48830,51,42,1
4/4/2018 20:00,N343,R019,00-00-06,JAMAICA 179 ST,F,IND,REGULAR,102861,48940,61,110,1
4/5/2018 0:00,N343,R019,00-00-06,JAMAICA 179 ST,F,IND,REGULAR,102871,48970,10,30,1
4/5/2018 3:37,N343,R019,00-00-06,JAMAICA 179 ST,F,IND,REGULAR,102873,48983,2,13,1
4/5/2018 4:00,N343,R019,00-00-06,JAMAICA 179 ST,F,IND,REGULAR,102873,48983,0,0,1
4/5/2018 4:57,N343,R019,00-00-06,JAMAICA 179 ST,F,IND,RECOVR AUD,102879,48983,6,0,1
4/5/2018 5:05,N343,R019,00-00-06,JAMAICA 179 ST,F,IND,REGULAR,102884,48983,5,0,1
4/5/2018 8:00,N343,R019,00-00-06,JAMAICA 179 ST,F,IND,REGULAR,103138,48990,254,7,1
4/5/2018 12:00,N343,R019,00-00-06,JAMAICA 179 ST,F,IND,REGULAR,103280,49013,142,23,1
4/5/2018 16:00,N343,R019,00-00-06,JAMAICA 179 ST,F,IND,REGULAR,103327,49051,47,38,1
4/5/2018 20:00,N343,R019,00-00-06,JAMAICA 179 ST,F,IND,REGULAR,103362,49162,35,111,1
4/6/2018 0:00,N343,R019,00-00-06,JAMAICA 179 ST,F,IND,REGULAR,103376,49191,14,29,1
4/6/2018 4:00,N343,R019,00-00-06,JAMAICA 179 ST,F,IND,REGULAR,103383,49201,7,10,1
4/6/2018 8:00,N343,R019,00-00-06,JAMAICA 179 ST,F,IND,REGULAR,103588,49213,205,12,1
4/6/2018 12:00,N343,R019,00-00-06,JAMAICA 179 ST,F,IND,REGULAR,103719,49236,131,23,1
4/6/2018 16:00,N343,R019,00-00-06,JAMAICA 179 ST,F,IND,REGULAR,103758,49277,39,41,1
4/6/2018 20:00,N343,R019,00-00-06,JAMAICA 179 ST,F,IND,REGULAR,103805,49377,47,100,1
4/7/2018 0:00,N343,R019,00-00-06,JAMAICA 179 ST,F,IND,REGULAR,103820,49398,15,21,1
4/7/2018 4:00,N343,R019,00-00-06,JAMAICA 179 ST,F,IND,REGULAR,103822,49402,2,4,1
4/7/2018 8:00,N343,R019,00-00-06,JAMAICA 179 ST,F,IND,REGULAR,103851,49406,29,4,1
4/7/2018 12:00,N343,R019,00-00-06,JAMAICA 179 ST,F,IND,REGULAR,103887,49416,36,10,1
4/7/2018 16:00,N343,R019,00-00-06,JAMAICA 179 ST,F,IND,REGULAR,103922,49438,35,22,1
4/7/2018 20:00,N343,R019,00-00-06,JAMAICA 179 ST,F,IND,REGULAR,103949,49465,27,27,1
4/8/2018 0:00,N343,R019,00-00-06,JAMAICA 179 ST,F,IND,REGULAR,103957,49482,8,17,1
4/8/2018 4:00,N343,R019,00-00-06,JAMAICA 179 ST,F,IND,REGULAR,103959,49490,2,8,1
4/8/2018 8:00,N343,R019,00-00-06,JAMAICA 179 ST,F,IND,REGULAR,103972,49496,13,6,1
4/8/2018 12:00,N343,R019,00-00-06,JAMAICA 179 ST,F,IND,REGULAR,103991,49505,19,9,1
4/8/2018 16:00,N343,R019,00-00-06,JAMAICA 179 ST,F,IND,REGULAR,104024,49519,33,14,1
4/8/2018 20:00,N343,R019,00-00-06,JAMAICA 179 ST,F,IND,REGULAR,104052,49546,28,27,1
4/9/2018 0:00,N343,R019,00-00-06,JAMAICA 179 ST,F,IND,REGULAR,104056,49556,4,10,1
4/9/2018 4:00,N343,R019,00-00-06,JAMAICA 179 ST,F,IND,REGULAR,104058,49563,2,7,1
4/9/2018 8:00,N343,R019,00-00-06,JAMAICA 179 ST,F,IND,REGULAR,104370,49576,312,13,1
4/9/2018 12:00,N343,R019,00-00-06,JAMAICA 179 ST,F,IND,REGULAR,104519,49603,149,27,1
4/9/2018 16:00,N343,R019,00-00-06,JAMAICA 179 ST,F,IND,REGULAR,104564,49638,45,35,1
4/9/2018 20:00,N343,R019,00-00-06,JAMAICA 179 ST,F,IND,REGULAR,104603,49770,39,132,1
4/10/2018 0:00,N343,R019,00-00-06,JAMAICA 179 ST,F,IND,REGULAR,104611,49800,8,30,1
4/10/2018 4:00,N343,R019,00-00-06,JAMAICA 179 ST,F,IND,REGULAR,104617,49809,6,9,1
4/10/2018 8:00,N343,R019,00-00-06,JAMAICA 179 ST,F,IND,REGULAR,104939,49815,322,6,1
4/10/2018 12:00,N343,R019,00-00-06,JAMAICA 179 ST,F,IND,REGULAR,105110,49851,171,36,1
4/10/2018 16:00,N343,R019,00-00-06,JAMAICA 179 ST,F,IND,REGULAR,105183,49892,73,41,1
4/10/2018 20:00,N343,R019,00-00-06,JAMAICA 179 ST,F,IND,REGULAR,105227,50001,44,109,1
4/11/2018 0:00,N343,R019,00-00-06,JAMAICA 179 ST,F,IND,REGULAR,105234,50050,7,49,1
4/11/2018 4:00,N343,R019,00-00-06,JAMAICA 179 ST,F,IND,REGULAR,105240,50057,6,7,1
4/11/2018 8:00,N343,R019,00-00-06,JAMAICA 179 ST,F,IND,REGULAR,105556,50066,316,9,1
4/11/2018 12:00,N343,R019,00-00-06,JAMAICA 179 ST,F,IND,REGULAR,105710,50092,154,26,1
4/11/2018 16:00,N343,R019,00-00-06,JAMAICA 179 ST,F,IND,REGULAR,105758,50136,48,44,1
4/11/2018 20:00,N343,R019,00-00-06,JAMAICA 179 ST,F,IND,REGULAR,105796,50249,38,113,1
4/12/2018 0:00,N343,R019,00-00-06,JAMAICA 179 ST,F,IND,REGULAR,105809,50280,13,31,1
4/12/2018 4:00,N343,R019,00-00-06,JAMAICA 179 ST,F,IND,REGULAR,105814,50291,5,11,1
4/12/2018 8:00,N343,R019,00-00-06,JAMAICA 179 ST,F,IND,REGULAR,106107,50306,293,15,1
4/12/2018 12:00,N343,R019,00-00-06,JAMAICA 179 ST,F,IND,REGULAR,106261,50322,154,16,1
4/12/2018 16:00,N343,R019,00-00-06,JAMAICA 179 ST,F,IND,REGULAR,106315,50362,54,40,1
4/12/2018 20:00,N343,R019,00-00-06,JAMAICA 179 ST,F,IND,REGULAR,106358,50505,43,143,1
4/13/2018 0:00,N343,R019,00-00-06,JAMAICA 179 ST,F,IND,REGULAR,106374,50556,16,51,1
4/13/2018 4:00,N343,R019,00-00-06,JAMAICA 179 ST,F,IND,REGULAR,106379,50565,5,9,1
4/13/2018 12:00,N343,R019,00-00-06,JAMAICA 179 ST,F,IND,REGULAR,106750,50605,371,40,1
4/13/2018 16:00,N343,R019,00-00-06,JAMAICA 179 ST,F,IND,REGULAR,106805,50657,55,52,1
4/13/2018 20:00,N343,R019,00-00-06,JAMAICA 179 ST,F,IND,REGULAR,106863,50758,58,101,1
4/14/2018 0:00,N343,R019,00-00-06,JAMAICA 179 ST,F,IND,REGULAR,106871,50803,8,45,1
4/14/2018 4:00,N343,R019,00-00-06,JAMAICA 179 ST,F,IND,REGULAR,106874,50809,3,6,1
4/14/2018 8:00,N343,R019,00-00-06,JAMAICA 179 ST,F,IND,REGULAR,106904,50814,30,5,1
4/14/2018 12:00,N343,R019,00-00-06,JAMAICA 179 ST,F,IND,REGULAR,106940,50826,36,12,1
4/14/2018 16:00,N343,R019,00-00-06,JAMAICA 179 ST,F,IND,REGULAR,106984,50854,44,28,1
4/14/2018 20:00,N343,R019,00-00-06,JAMAICA 179 ST,F,IND,REGULAR,107013,50896,29,42,1
4/15/2018 0:00,N343,R019,00-00-06,JAMAICA 179 ST,F,IND,REGULAR,107041,50920,28,24,1
4/15/2018 4:00,N343,R019,00-00-06,JAMAICA 179 ST,F,IND,REGULAR,107046,50929,5,9,1
4/15/2018 8:00,N343,R019,00-00-06,JAMAICA 179 ST,F,IND,REGULAR,107062,50935,16,6,1
4/15/2018 12:00,N343,R019,00-00-06,JAMAICA 179 ST,F,IND,REGULAR,107088,50946,26,11,1
4/15/2018 16:00,N343,R019,00-00-06,JAMAICA 179 ST,F,IND,REGULAR,107109,50966,21,20,1
4/15/2018 20:00,N343,R019,00-00-06,JAMAICA 179 ST,F,IND,REGULAR,107123,50986,14,20,1
4/16/2018 0:00,N343,R019,00-00-06,JAMAICA 179 ST,F,IND,REGULAR,107129,51004,6,18,1
4/16/2018 4:00,N343,R019,00-00-06,JAMAICA 179 ST,F,IND,REGULAR,107132,51018,3,14,1
4/16/2018 8:00,N343,R019,00-00-06,JAMAICA 179 ST,F,IND,REGULAR,107421,51030,289,12,1
4/16/2018 12:00,N343,R019,00-00-06,JAMAICA 179 ST,F,IND,REGULAR,107606,51064,185,34,1
4/16/2018 16:00,N343,R019,00-00-06,JAMAICA 179 ST,F,IND,REGULAR,107656,51109,50,45,1
4/16/2018 20:00,N343,R019,00-00-06,JAMAICA 179 ST,F,IND,REGULAR,107695,51220,39,111,1
4/17/2018 0:00,N343,R019,00-00-06,JAMAICA 179 ST,F,IND,REGULAR,107704,51244,9,24,1
4/17/2018 4:00,N343,R019,00-00-06,JAMAICA 179 ST,F,IND,REGULAR,107707,51252,3,8,1
4/17/2018 8:00,N343,R019,00-00-06,JAMAICA 179 ST,F,IND,REGULAR,108035,51268,328,16,1
4/17/2018 12:00,N343,R019,00-00-06,JAMAICA 179 ST,F,IND,REGULAR,108195,51292,160,24,1
4/17/2018 16:00,N343,R019,00-00-06,JAMAICA 179 ST,F,IND,REGULAR,108238,51333,43,41,1
4/17/2018 20:00,N343,R019,00-00-06,JAMAICA 179 ST,F,IND,REGULAR,108283,51472,45,139,1
4/18/2018 0:00,N343,R019,00-00-06,JAMAICA 179 ST,F,IND,REGULAR,108295,51513,12,41,1
4/18/2018 4:00,N343,R019,00-00-06,JAMAICA 179 ST,F,IND,REGULAR,108300,51523,5,10,1
4/18/2018 8:00,N343,R019,00-00-06,JAMAICA 179 ST,F,IND,REGULAR,108639,51533,339,10,1
4/18/2018 12:00,N343,R019,00-00-06,JAMAICA 179 ST,F,IND,REGULAR,108808,51554,169,21,1
4/18/2018 16:00,N343,R019,00-00-06,JAMAICA 179 ST,F,IND,REGULAR,108861,51613,53,59,1
4/18/2018 20:00,N343,R019,00-00-06,JAMAICA 179 ST,F,IND,REGULAR,108900,51754,39,141,1
4/19/2018 0:00,N343,R019,00-00-06,JAMAICA 179 ST,F,IND,REGULAR,108913,51780,13,26,1
4/19/2018 4:00,N343,R019,00-00-06,JAMAICA 179 ST,F,IND,REGULAR,108915,51786,2,6,1
4/19/2018 8:00,N343,R019,00-00-06,JAMAICA 179 ST,F,IND,REGULAR,109179,51798,264,12,1
4/19/2018 12:00,N343,R019,00-00-06,JAMAICA 179 ST,F,IND,REGULAR,109360,51820,181,22,1
4/19/2018 16:00,N343,R019,00-00-06,JAMAICA 179 ST,F,IND,REGULAR,109415,51860,55,40,1
4/19/2018 20:00,N343,R019,00-00-06,JAMAICA 179 ST,F,IND,REGULAR,109457,52003,42,143,1
4/20/2018 0:00,N343,R019,00-00-06,JAMAICA 179 ST,F,IND,REGULAR,109465,52051,8,48,1
4/20/2018 4:00,N343,R019,00-00-06,JAMAICA 179 ST,F,IND,REGULAR,109473,52055,8,4,1
4/20/2018 8:00,N343,R019,00-00-06,JAMAICA 179 ST,F,IND,REGULAR,109752,52063,279,8,1
4/20/2018 12:00,N343,R019,00-00-06,JAMAICA 179 ST,F,IND,REGULAR,109887,52082,135,19,1
4/20/2018 16:00,N343,R019,00-00-06,JAMAICA 179 ST,F,IND,REGULAR,109943,52136,56,54,1
4/20/2018 20:00,N343,R019,00-00-06,JAMAICA 179 ST,F,IND,REGULAR,109992,52236,49,100,1
4/21/2018 0:00,N343,R019,00-00-06,JAMAICA 179 ST,F,IND,REGULAR,110012,52284,20,48,1
4/21/2018 4:00,N343,R019,00-00-06,JAMAICA 179 ST,F,IND,REGULAR,110016,52297,4,13,1
4/21/2018 8:00,N343,R019,00-00-06,JAMAICA 179 ST,F,IND,REGULAR,110051,52309,35,12,1
4/21/2018 12:00,N343,R019,00-00-06,JAMAICA 179 ST,F,IND,REGULAR,110093,52324,42,15,1
4/21/2018 16:00,N343,R019,00-00-06,JAMAICA 179 ST,F,IND,REGULAR,110137,52349,44,25,1
4/21/2018 20:00,N343,R019,00-00-06,JAMAICA 179 ST,F,IND,REGULAR,110172,52374,35,25,1
4/22/2018 0:00,N343,R019,00-00-06,JAMAICA 179 ST,F,IND,REGULAR,110184,52402,12,28,1
4/22/2018 4:00,N343,R019,00-00-06,JAMAICA 179 ST,F,IND,REGULAR,110186,52416,2,14,1
4/22/2018 8:00,N343,R019,00-00-06,JAMAICA 179 ST,F,IND,REGULAR,110199,52418,13,2,1
4/22/2018 12:00,N343,R019,00-00-06,JAMAICA 179 ST,F,IND,REGULAR,110219,52435,20,17,1
4/22/2018 16:00,N343,R019,00-00-06,JAMAICA 179 ST,F,IND,REGULAR,110253,52452,34,17,1
4/22/2018 20:00,N343,R019,00-00-06,JAMAICA 179 ST,F,IND,REGULAR,110278,52482,25,30,1
4/23/2018 0:00,N343,R019,00-00-06,JAMAICA 179 ST,F,IND,REGULAR,110286,52508,8,26,1
4/23/2018 4:00,N343,R019,00-00-06,JAMAICA 179 ST,F,IND,REGULAR,110290,52512,4,4,1
4/23/2018 8:00,N343,R019,00-00-06,JAMAICA 179 ST,F,IND,REGULAR,110581,52524,291,12,1
4/23/2018 12:00,N343,R019,00-00-06,JAMAICA 179 ST,F,IND,REGULAR,110739,52545,158,21,1
4/23/2018 16:00,N343,R019,00-00-06,JAMAICA 179 ST,F,IND,REGULAR,110805,52588,66,43,1
4/23/2018 20:00,N343,R019,00-00-06,JAMAICA 179 ST,F,IND,REGULAR,110841,52719,36,131,1
4/24/2018 0:00,N343,R019,00-00-06,JAMAICA 179 ST,F,IND,REGULAR,110852,52761,11,42,1
4/24/2018 4:00,N343,R019,00-00-06,JAMAICA 179 ST,F,IND,REGULAR,110855,52771,3,10,1
4/24/2018 8:00,N343,R019,00-00-06,JAMAICA 179 ST,F,IND,REGULAR,111143,52777,288,6,1
4/24/2018 12:00,N343,R019,00-00-06,JAMAICA 179 ST,F,IND,REGULAR,111285,52801,142,24,1
4/24/2018 16:00,N343,R019,00-00-06,JAMAICA 179 ST,F,IND,REGULAR,111330,52838,45,37,1
4/24/2018 20:00,N343,R019,00-00-06,JAMAICA 179 ST,F,IND,REGULAR,111383,52967,53,129,1
4/25/2018 0:00,N343,R019,00-00-06,JAMAICA 179 ST,F,IND,REGULAR,111398,53000,15,33,1
4/25/2018 4:00,N343,R019,00-00-06,JAMAICA 179 ST,F,IND,REGULAR,111406,53007,8,7,1
4/25/2018 8:00,N343,R019,00-00-06,JAMAICA 179 ST,F,IND,REGULAR,111936,53020,530,13,1
4/25/2018 12:00,N343,R019,00-00-06,JAMAICA 179 ST,F,IND,REGULAR,112222,53042,286,22,1
4/25/2018 16:00,N343,R019,00-00-06,JAMAICA 179 ST,F,IND,REGULAR,112295,53090,73,48,1
4/25/2018 20:00,N343,R019,00-00-06,JAMAICA 179 ST,F,IND,REGULAR,112360,53231,65,141,1
4/26/2018 0:00,N343,R019,00-00-06,JAMAICA 179 ST,F,IND,REGULAR,112371,53267,11,36,1
4/26/2018 4:00,N343,R019,00-00-06,JAMAICA 179 ST,F,IND,REGULAR,112375,53272,4,5,1
4/26/2018 8:00,N343,R019,00-00-06,JAMAICA 179 ST,F,IND,REGULAR,112693,53282,318,10,1
4/26/2018 12:00,N343,R019,00-00-06,JAMAICA 179 ST,F,IND,REGULAR,112825,53301,132,19,1
4/26/2018 16:00,N343,R019,00-00-06,JAMAICA 179 ST,F,IND,REGULAR,112878,53350,53,49,1
4/26/2018 20:00,N343,R019,00-00-06,JAMAICA 179 ST,F,IND,REGULAR,112923,53467,45,117,1
4/27/2018 0:00,N343,R019,00-00-06,JAMAICA 179 ST,F,IND,REGULAR,112933,53502,10,35,1
4/27/2018 4:00,N343,R019,00-00-06,JAMAICA 179 ST,F,IND,REGULAR,112940,53507,7,5,1
4/27/2018 8:00,N343,R019,00-00-06,JAMAICA 179 ST,F,IND,REGULAR,113211,53517,271,10,1
4/27/2018 12:00,N343,R019,00-00-06,JAMAICA 179 ST,F,IND,REGULAR,113384,53542,173,25,1
4/27/2018 16:00,N343,R019,00-00-06,JAMAICA 179 ST,F,IND,REGULAR,113442,53599,58,57,1
4/27/2018 20:00,N343,R019,00-00-06,JAMAICA 179 ST,F,IND,REGULAR,113479,53722,37,123,1
4/28/2018 0:00,N343,R019,00-00-06,JAMAICA 179 ST,F,IND,REGULAR,113489,53761,10,39,1
4/28/2018 4:00,N343,R019,00-00-06,JAMAICA 179 ST,F,IND,REGULAR,113491,53771,2,10,1
4/28/2018 8:00,N343,R019,00-00-06,JAMAICA 179 ST,F,IND,REGULAR,113535,53783,44,12,1
4/28/2018 12:00,N343,R019,00-00-06,JAMAICA 179 ST,F,IND,REGULAR,113579,53796,44,13,1
4/28/2018 16:00,N343,R019,00-00-06,JAMAICA 179 ST,F,IND,REGULAR,113618,53814,39,18,1
4/28/2018 20:00,N343,R019,00-00-06,JAMAICA 179 ST,F,IND,REGULAR,113657,53856,39,42,1
4/29/2018 0:00,N343,R019,00-00-06,JAMAICA 179 ST,F,IND,REGULAR,113672,53878,15,22,1
4/29/2018 4:00,N343,R019,00-00-06,JAMAICA 179 ST,F,IND,REGULAR,113673,53887,1,9,1
4/29/2018 8:00,N343,R019,00-00-06,JAMAICA 179 ST,F,IND,REGULAR,113683,53893,10,6,1
4/29/2018 12:00,N343,R019,00-00-06,JAMAICA 179 ST,F,IND,REGULAR,113708,53909,25,16,1
4/29/2018 16:00,N343,R019,00-00-06,JAMAICA 179 ST,F,IND,REGULAR,113763,53924,55,15,1
4/29/2018 20:00,N343,R019,00-00-06,JAMAICA 179 ST,F,IND,REGULAR,113784,53942,21,18,1
4/30/2018 0:00,N343,R019,00-00-06,JAMAICA 179 ST,F,IND,REGULAR,113798,53960,14,18,1
4/30/2018 4:00,N343,R019,00-00-06,JAMAICA 179 ST,F,IND,REGULAR,113800,53970,2,10,1
4/30/2018 8:00,N343,R019,00-00-06,JAMAICA 179 ST,F,IND,REGULAR,114099,53982,299,12,1
4/30/2018 12:00,N343,R019,00-00-06,JAMAICA 179 ST,F,IND,REGULAR,114254,54008,155,26,1
4/30/2018 16:00,N343,R019,00-00-06,JAMAICA 179 ST,F,IND,REGULAR,114314,54056,60,48,1
4/30/2018 20:00,N343,R019,00-00-06,JAMAICA 179 ST,F,IND,REGULAR,114360,54195,46,139,1
5/1/2018 0:00,N343,R019,00-00-06,JAMAICA 179 ST,F,IND,REGULAR,114370,54229,10,34,1
5/1/2018 4:00,N343,R019,00-00-06,JAMAICA 179 ST,F,IND,REGULAR,114376,54240,6,11,1
5/1/2018 8:00,N343,R019,00-00-06,JAMAICA 179 ST,F,IND,REGULAR,114707,54255,331,15,1
5/1/2018 12:00,N343,R019,00-00-06,JAMAICA 179 ST,F,IND,REGULAR,114852,54281,145,26,1
5/1/2018 16:00,N343,R019,00-00-06,JAMAICA 179 ST,F,IND,REGULAR,114892,54324,40,43,1
5/1/2018 20:00,N343,R019,00-00-06,JAMAICA 179 ST,F,IND,REGULAR,114932,54446,40,122,1
5/2/2018 0:00,N343,R019,00-00-06,JAMAICA 179 ST,F,IND,REGULAR,114944,54485,12,39,1
5/2/2018 4:00,N343,R019,00-00-06,JAMAICA 179 ST,F,IND,REGULAR,114951,54492,7,7,1
5/2/2018 8:00,N343,R019,00-00-06,JAMAICA 179 ST,F,IND,REGULAR,115219,54503,268,11,1
5/2/2018 12:00,N343,R019,00-00-06,JAMAICA 179 ST,F,IND,REGULAR,115342,54524,123,21,1
5/2/2018 16:00,N343,R019,00-00-06,JAMAICA 179 ST,F,IND,REGULAR,115432,54572,90,48,1
5/2/2018 20:00,N343,R019,00-00-06,JAMAICA 179 ST,F,IND,REGULAR,115498,54684,66,112,1
5/3/2018 0:00,N343,R019,00-00-06,JAMAICA 179 ST,F,IND,REGULAR,115519,54723,21,39,1
5/3/2018 4:00,N343,R019,00-00-06,JAMAICA 179 ST,F,IND,REGULAR,115522,54728,3,5,1
5/3/2018 8:00,N343,R019,00-00-06,JAMAICA 179 ST,F,IND,REGULAR,115814,54733,292,5,1
5/3/2018 12:00,N343,R019,00-00-06,JAMAICA 179 ST,F,IND,REGULAR,115952,54753,138,20,1
5/3/2018 16:00,N343,R019,00-00-06,JAMAICA 179 ST,F,IND,REGULAR,116000,54797,48,44,1
5/3/2018 20:00,N343,R019,00-00-06,JAMAICA 179 ST,F,IND,REGULAR,116048,54933,48,136,1
5/4/2018 0:00,N343,R019,00-00-06,JAMAICA 179 ST,F,IND,REGULAR,116061,54980,13,47,1
5/4/2018 4:00,N343,R019,00-00-06,JAMAICA 179 ST,F,IND,REGULAR,116068,54988,7,8,1
5/4/2018 8:00,N343,R019,00-00-06,JAMAICA 179 ST,F,IND,REGULAR,116346,54993,278,5,1
5/4/2018 12:00,N343,R019,00-00-06,JAMAICA 179 ST,F,IND,REGULAR,116490,55014,144,21,1
5/4/2018 16:00,N343,R019,00-00-06,JAMAICA 179 ST,F,IND,REGULAR,116535,55072,45,58,1
5/4/2018 20:00,N343,R019,00-00-06,JAMAICA 179 ST,F,IND,REGULAR,116585,55200,50,128,1
5/5/2018 0:00,N343,R019,00-00-06,JAMAICA 179 ST,F,IND,REGULAR,116599,55239,14,39,1
,,,,,,,,,,,,
,,,,,,,,,,,,
